Country,Total Records,contract_nr,contract_value_terms,reference,contract_value_highest,tenderer_addr,contract_value_initial,behalf_of,procedure_type,duration,authority_type,contract_value_initial_vat,electronic,id,contract_value_initial_currency,award_date,contract_value_currency,contract_id,gpa_covered,title,framework_dps,notice_date,previous_notices,authority_addr,contract_value_initial_terms,contract_value_lowest,scope,contract_value,type,object,description,total_value,authority_ref,tenderer_name,legal_basis,contract_value_text,authority_name,appeals_info,score_chosen_tender,award_criteria,publication_date,num_offers,total_value_highest,additional_info,appeals_body,language,likely_subcontracted,total_value_vat,eu_funds,uri,lot_nr_title,contract_value_vat,services_covered,award_type,involves,total_value_text,total_value_lowest,dac_code,total_value_currency,cpv
AF,3,0.00,0.00,33.33,0.00,100.00,0.00,33.33,66.67,33.33,66.67,0.00,33.33,100.00,0.00,66.67,100.00,66.67,66.67,66.67,0.00,100.00,100.00,100.00,0.00,0.00,0.00,100.00,66.67,0.00,33.33,33.33,33.33,100.00,33.33,100.00,100.00,0.00,0.00,66.67,0.00,100.00,0.00,33.33,0.00,0.00,33.33,33.33,0.00,100.00,0.00,33.33,0.00,0.00,0.00,33.33,0.00,0.00,33.33,66.67
AL,52,0.00,0.00,92.31,0.00,94.23,0.00,0.00,0.00,88.46,0.00,0.00,0.00,100.00,0.00,0.00,92.31,90.38,0.00,0.00,0.00,92.31,88.46,92.31,0.00,0.00,0.00,92.31,1.92,1.92,0.00,0.00,0.00,94.23,88.46,94.23,92.31,0.00,36.54,0.00,0.00,90.38,0.00,0.00,0.00,0.00,0.00,0.00,0.00,100.00,73.08,0.00,0.00,0.00,0.00,0.00,0.00,0.00,0.00,0.00
AM,8,0.00,0.00,75.00,0.00,75.00,0.00,0.00,0.00,75.00,0.00,0.00,0.00,100.00,0.00,0.00,75.00,75.00,0.00,0.00,0.00,75.00,75.00,75.00,0.00,0.00,0.00,75.00,0.00,0.00,0.00,0.00,0.00,75.00,62.50,75.00,75.00,0.00,37.50,0.00,0.00,75.00,0.00,0.00,0.00,0.00,0.00,0.00,0.00,100.00,50.00,0.00,0.00,0.00,0.00,0.00,0.00,0.00,0.00,0.00
AN,3,0.00,0.00,100.00,0.00,100.00,0.00,0.00,0.00,100.00,0.00,0.00,0.00,100.00,0.00,0.00,100.00,100.00,0.00,0.00,0.00,100.00,100.00,100.00,0.00,0.00,0.00,100.00,0.00,0.00,0.00,0.00,0.00,100.00,100.00,100.00,100.00,0.00,33.33,0.00,0.00,100.00,0.00,0.00,0.00,0.00,0.00,0.00,0.00,100.00,100.00,0.00,0.00,0.00,0.00,0.00,0.00,0.00,0.00,0.00
AO,1,0.00,0.00,100.00,0.00,100.00,0.00,0.00,0.00,100.00,0.00,0.00,0.00,100.00,0.00,0.00,100.00,100.00,0.00,0.00,0.00,100.00,100.00,100.00,0.00,0.00,0.00,100.00,0.00,0.00,0.00,0.00,0.00,100.00,100.00,100.00,100.00,0.00,100.00,0.00,0.00,100.00,0.00,0.00,0.00,0.00,0.00,0.00,0.00,100.00,100.00,0.00,0.00,0.00,0.00,0.00,0.00,0.00,0.00,0.00
AR,35,0.00,2.86,97.14,0.00,94.29,2.86,2.86,2.86,91.43,2.86,2.86,2.86,100.00,2.86,8.57,91.43,94.29,2.86,2.86,2.86,100.00,94.29,100.00,0.00,0.00,0.00,91.43,2.86,0.00,2.86,2.86,2.86,94.29,97.14,100.00,100.00,0.00,28.57,2.86,0.00,100.00,0.00,2.86,2.86,0.00,2.86,2.86,2.86,100.00,88.57,2.86,2.86,0.00,0.00,2.86,0.00,0.00,2.86,2.86
AT,14197,0.00,9.10,0.00,0.77,94.74,16.76,0.44,0.65,0.01,0.63,15.86,0.66,100.00,16.88,0.60,56.04,80.69,0.65,0.66,0.26,0.66,0.63,100.00,0.31,1.13,0.00,55.84,0.66,0.00,96.48,52.44,0.58,94.74,0.00,62.70,100.00,0.29,0.00,0.57,0.00,0.59,1.16,0.49,0.96,0.01,0.60,51.52,0.61,100.00,0.00,54.24,0.28,0.00,0.09,55.89,1.53,0.00,52.52,99.97
AW,1,0.00,0.00,100.00,0.00,100.00,0.00,0.00,0.00,100.00,0.00,0.00,0.00,100.00,0.00,0.00,100.00,100.00,0.00,0.00,0.00,100.00,100.00,100.00,0.00,0.00,0.00,100.00,0.00,0.00,0.00,0.00,0.00,100.00,100.00,100.00,100.00,0.00,0.00,0.00,0.00,100.00,0.00,0.00,0.00,0.00,0.00,0.00,0.00,100.00,100.00,0.00,0.00,0.00,0.00,0.00,0.00,0.00,0.00,0.00
AZ,1,0.00,0.00,100.00,0.00,100.00,0.00,0.00,0.00,100.00,0.00,0.00,0.00,100.00,0.00,0.00,100.00,100.00,0.00,0.00,0.00,100.00,100.00,100.00,0.00,0.00,0.00,100.00,0.00,0.00,0.00,0.00,0.00,100.00,100.00,100.00,100.00,0.00,100.00,0.00,0.00,100.00,0.00,0.00,0.00,0.00,0.00,0.00,0.00,100.00,0.00,0.00,0.00,0.00,0.00,0.00,0.00,0.00,0.00,0.00
BA,138,0.00,0.72,76.81,0.00,79.71,1.45,1.45,3.62,73.19,3.62,0.72,2.17,100.00,1.45,5.80,77.54,76.09,3.62,3.62,1.45,74.64,62.32,76.81,0.00,0.00,0.00,77.54,3.62,0.00,2.17,2.17,2.17,79.71,63.04,80.43,76.81,1.45,23.19,2.17,2.17,78.26,0.00,1.45,2.17,0.00,2.17,1.45,2.17,100.00,62.32,1.45,0.72,0.00,0.00,2.17,0.00,2.17,2.17,3.62
BD,22,0.00,0.00,40.91,0.00,100.00,4.55,31.82,54.55,40.91,54.55,4.55,45.45,100.00,4.55,54.55,59.09,86.36,50.00,54.55,31.82,95.45,90.91,100.00,0.00,0.00,0.00,59.09,54.55,0.00,54.55,9.09,36.36,100.00,40.91,63.64,100.00,4.55,27.27,50.00,0.00,95.45,0.00,13.64,13.64,0.00,45.45,9.09,50.00,100.00,22.73,13.64,31.82,0.00,9.09,9.09,0.00,0.00,9.09,59.09
BE,27293,0.04,9.86,2.07,1.21,95.63,26.05,5.75,10.33,1.85,9.61,23.80,10.23,100.00,26.19,10.72,55.74,88.45,9.98,10.33,3.09,11.33,10.74,97.93,0.20,1.37,0.00,55.33,10.52,0.25,94.64,50.28,9.83,95.63,1.91,66.97,97.93,3.77,1.39,9.84,1.29,11.64,0.99,2.49,8.78,0.02,8.81,50.16,9.74,100.00,2.16,53.33,5.58,0.00,2.31,54.13,1.07,0.71,50.47,95.84
BF,6,0.00,0.00,83.33,0.00,100.00,16.67,0.00,0.00,83.33,0.00,16.67,0.00,100.00,16.67,0.00,83.33,83.33,0.00,0.00,0.00,83.33,66.67,100.00,0.00,0.00,0.00,83.33,0.00,0.00,16.67,0.00,0.00,100.00,83.33,100.00,100.00,0.00,66.67,0.00,0.00,83.33,0.00,0.00,0.00,0.00,0.00,0.00,0.00,100.00,33.33,0.00,0.00,0.00,0.00,0.00,0.00,0.00,0.00,16.67
BG,31512,0.00,61.67,0.00,0.08,99.59,18.57,0.01,0.04,0.01,0.03,19.44,0.04,100.00,20.10,0.04,96.85,98.88,0.03,0.04,0.00,0.04,0.04,100.00,0.13,0.07,0.00,85.63,0.04,0.00,99.12,85.89,0.02,99.59,0.00,98.45,100.00,0.01,0.00,0.03,0.00,0.03,0.13,0.02,0.27,0.00,0.03,96.70,0.03,100.00,0.00,93.49,0.01,0.00,0.00,97.64,0.13,0.00,97.51,100.00
BI,13,0.00,7.69,76.92,0.00,100.00,7.69,0.00,15.38,76.92,15.38,7.69,15.38,100.00,7.69,7.69,84.62,76.92,0.00,15.38,0.00,92.31,46.15,100.00,0.00,0.00,0.00,84.62,15.38,0.00,23.08,15.38,15.38,100.00,76.92,84.62,100.00,0.00,30.77,15.38,0.00,76.92,0.00,0.00,0.00,0.00,0.00,7.69,0.00,100.00,76.92,7.69,0.00,0.00,7.69,15.38,0.00,0.00,15.38,23.08
BJ,10,0.00,0.00,10.00,0.00,50.00,0.00,0.00,0.00,0.00,0.00,0.00,0.00,100.00,0.00,0.00,10.00,50.00,0.00,0.00,0.00,0.00,0.00,50.00,0.00,0.00,0.00,10.00,0.00,0.00,50.00,0.00,0.00,50.00,0.00,10.00,50.00,0.00,0.00,0.00,0.00,0.00,0.00,0.00,0.00,0.00,0.00,0.00,0.00,100.00,0.00,10.00,0.00,0.00,0.00,0.00,0.00,0.00,0.00,50.00
BO,7,0.00,0.00,42.86,0.00,100.00,14.29,14.29,42.86,42.86,42.86,14.29,14.29,100.00,14.29,14.29,57.14,100.00,14.29,42.86,0.00,85.71,85.71,100.00,0.00,0.00,0.00,57.14,42.86,0.00,57.14,14.29,42.86,100.00,28.57,57.14,100.00,14.29,42.86,14.29,0.00,57.14,0.00,28.57,14.29,0.00,14.29,14.29,0.00,100.00,14.29,14.29,14.29,0.00,0.00,14.29,0.00,0.00,14.29,57.14
BR,11,0.00,9.09,90.91,0.00,90.91,0.00,0.00,0.00,81.82,0.00,0.00,0.00,100.00,0.00,0.00,90.91,100.00,0.00,0.00,0.00,90.91,81.82,100.00,0.00,0.00,0.00,90.91,0.00,0.00,9.09,0.00,0.00,90.91,72.73,100.00,100.00,0.00,45.45,0.00,0.00,90.91,0.00,0.00,0.00,0.00,0.00,0.00,0.00,100.00,54.55,9.09,0.00,0.00,0.00,0.00,0.00,0.00,0.00,9.09
BW,1,0.00,0.00,100.00,0.00,100.00,0.00,0.00,0.00,100.00,0.00,0.00,0.00,100.00,0.00,0.00,100.00,100.00,0.00,0.00,0.00,100.00,100.00,100.00,0.00,0.00,0.00,100.00,0.00,0.00,0.00,0.00,0.00,100.00,100.00,100.00,100.00,0.00,100.00,0.00,0.00,100.00,0.00,0.00,0.00,0.00,0.00,0.00,0.00,100.00,100.00,0.00,0.00,0.00,0.00,0.00,0.00,0.00,0.00,0.00
BY,12,0.00,0.00,75.00,0.00,83.33,8.33,0.00,16.67,75.00,16.67,8.33,16.67,100.00,8.33,0.00,83.33,91.67,0.00,16.67,0.00,91.67,75.00,100.00,0.00,0.00,0.00,83.33,16.67,0.00,25.00,8.33,0.00,83.33,75.00,83.33,100.00,0.00,33.33,0.00,0.00,75.00,0.00,0.00,0.00,0.00,16.67,8.33,16.67,100.00,58.33,8.33,16.67,0.00,0.00,8.33,0.00,0.00,8.33,25.00
BZ,4,0.00,0.00,100.00,0.00,100.00,0.00,0.00,0.00,100.00,0.00,0.00,0.00,100.00,0.00,0.00,100.00,100.00,0.00,0.00,0.00,100.00,50.00,100.00,0.00,0.00,0.00,100.00,0.00,0.00,0.00,0.00,0.00,100.00,100.00,100.00,100.00,0.00,50.00,0.00,0.00,100.00,0.00,0.00,0.00,0.00,0.00,0.00,0.00,100.00,100.00,0.00,0.00,0.00,0.00,0.00,0.00,0.00,0.00,0.00
CD,19,0.00,0.00,42.11,0.00,94.74,5.26,0.00,0.00,42.11,0.00,5.26,0.00,100.00,5.26,26.32,89.47,73.68,0.00,0.00,0.00,42.11,15.79,100.00,0.00,0.00,0.00,89.47,0.00,0.00,57.89,31.58,0.00,94.74,42.11,94.74,100.00,0.00,10.53,0.00,0.00,42.11,5.26,0.00,0.00,0.00,0.00,31.58,0.00,100.00,42.11,31.58,0.00,0.00,0.00,31.58,5.26,0.00,31.58,57.89
CF,1,0.00,0.00,0.00,0.00,100.00,100.00,100.00,100.00,0.00,100.00,100.00,100.00,100.00,100.00,100.00,100.00,100.00,100.00,100.00,100.00,100.00,100.00,100.00,0.00,0.00,0.00,100.00,100.00,0.00,100.00,100.00,100.00,100.00,0.00,100.00,100.00,100.00,0.00,100.00,0.00,100.00,0.00,0.00,100.00,0.00,100.00,100.00,100.00,100.00,0.00,100.00,0.00,0.00,0.00,100.00,0.00,0.00,100.00,100.00
CG,5,0.00,0.00,20.00,0.00,20.00,0.00,0.00,0.00,20.00,0.00,0.00,0.00,100.00,0.00,0.00,20.00,20.00,0.00,0.00,0.00,20.00,20.00,20.00,0.00,0.00,0.00,20.00,0.00,0.00,0.00,0.00,0.00,20.00,20.00,20.00,20.00,0.00,20.00,0.00,0.00,20.00,0.00,0.00,0.00,0.00,0.00,0.00,0.00,100.00,20.00,0.00,0.00,0.00,0.00,0.00,0.00,0.00,0.00,0.00
CH,5432,0.00,0.06,0.00,9.79,99.93,0.07,0.00,1.73,0.00,1.60,0.07,0.02,100.00,0.07,1.73,80.38,99.80,1.73,1.73,0.00,1.73,1.44,100.00,0.00,9.79,0.00,80.14,1.73,0.00,97.68,0.26,0.02,99.93,0.00,82.55,100.00,0.00,0.00,0.37,0.00,1.12,0.04,1.71,0.02,0.00,0.02,0.26,0.02,100.00,0.00,0.20,0.00,0.00,0.02,4.53,0.04,0.00,0.26,99.98
CI,2,0.00,0.00,50.00,0.00,100.00,0.00,0.00,50.00,50.00,50.00,0.00,50.00,100.00,0.00,50.00,100.00,100.00,50.00,50.00,0.00,100.00,100.00,100.00,0.00,0.00,0.00,100.00,50.00,0.00,50.00,0.00,50.00,100.00,50.00,100.00,100.00,0.00,0.00,50.00,0.00,100.00,0.00,0.00,0.00,0.00,50.00,0.00,50.00,100.00,0.00,50.00,0.00,0.00,50.00,0.00,0.00,0.00,0.00,50.00
CM,1,0.00,0.00,0.00,0.00,0.00,0.00,0.00,0.00,0.00,0.00,0.00,0.00,100.00,0.00,100.00,0.00,0.00,0.00,0.00,0.00,0.00,0.00,0.00,0.00,0.00,0.00,0.00,0.00,0.00,0.00,0.00,0.00,0.00,0.00,0.00,0.00,0.00,0.00,0.00,0.00,100.00,0.00,0.00,0.00,0.00,0.00,0.00,0.00,100.00,0.00,0.00,0.00,0.00,0.00,0.00,0.00,0.00,0.00,0.00
CN,14,0.00,0.00,28.57,7.14,42.86,14.29,0.00,7.14,28.57,0.00,7.14,7.14,100.00,14.29,7.14,35.71,35.71,0.00,7.14,0.00,35.71,35.71,42.86,0.00,7.14,0.00,35.71,7.14,0.00,14.29,7.14,0.00,42.86,28.57,50.00,42.86,0.00,28.57,7.14,0.00,35.71,7.14,0.00,7.14,0.00,0.00,7.14,0.00,100.00,0.00,7.14,0.00,0.00,0.00,7.14,7.14,0.00,7.14,14.29
CO,15,0.00,13.33,86.67,0.00,100.00,0.00,6.67,0.00,86.67,6.67,0.00,6.67,100.00,0.00,13.33,86.67,86.67,0.00,6.67,0.00,93.33,86.67,100.00,0.00,0.00,0.00,86.67,6.67,0.00,13.33,6.67,0.00,100.00,60.00,100.00,100.00,6.67,66.67,6.67,0.00,93.33,0.00,0.00,6.67,0.00,6.67,6.67,6.67,100.00,53.33,13.33,6.67,0.00,0.00,6.67,0.00,6.67,6.67,13.33
CR,19,0.00,0.00,94.74,0.00,94.74,0.00,0.00,0.00,94.74,0.00,0.00,0.00,100.00,0.00,0.00,94.74,89.47,0.00,0.00,0.00,94.74,94.74,94.74,0.00,0.00,0.00,94.74,0.00,0.00,0.00,0.00,0.00,94.74,89.47,94.74,94.74,0.00,21.05,0.00,0.00,94.74,0.00,0.00,0.00,0.00,0.00,0.00,0.00,100.00,78.95,0.00,0.00,0.00,0.00,0.00,0.00,0.00,0.00,0.00
CY,4266,0.00,51.83,0.02,0.35,99.09,67.89,1.01,2.95,0.02,1.22,64.67,2.88,100.00,67.89,2.51,96.84,98.08,2.65,2.95,0.00,2.98,2.81,100.00,0.16,1.15,0.00,95.71,2.95,0.00,99.70,85.04,2.44,99.09,0.02,98.10,100.00,2.20,0.02,2.91,0.00,2.25,0.59,0.28,2.84,0.00,2.53,83.36,2.72,100.00,0.00,84.51,1.97,0.00,0.07,85.14,1.15,0.00,85.04,99.98
CZ,28734,0.00,20.08,0.00,1.95,96.93,76.53,0.02,0.03,0.00,0.02,76.13,0.03,100.00,76.59,0.03,92.97,70.64,0.03,0.03,0.00,0.03,0.03,99.98,1.16,1.93,0.00,92.90,0.03,0.00,98.41,91.91,0.03,96.93,0.00,96.03,99.98,0.03,0.00,0.03,0.00,0.02,1.61,0.00,0.03,0.01,0.02,91.48,0.03,100.00,0.00,92.00,0.03,0.00,0.00,92.06,1.60,0.00,91.93,99.97
DE,124412,0.00,8.98,0.00,3.61,95.22,19.51,0.24,0.47,0.01,0.41,18.08,0.43,100.00,20.53,0.41,53.75,74.30,0.44,0.47,0.16,0.46,0.44,99.96,0.13,3.90,0.00,53.45,0.45,0.00,98.08,53.87,0.41,95.22,0.00,57.50,99.96,0.14,0.00,0.44,0.00,0.37,2.57,0.12,0.41,0.03,0.27,52.50,0.43,100.00,0.00,50.94,0.29,0.00,0.08,55.17,2.83,0.00,54.11,99.28
DJ,1,0.00,0.00,0.00,0.00,100.00,0.00,0.00,0.00,0.00,0.00,0.00,0.00,100.00,0.00,0.00,100.00,100.00,0.00,0.00,0.00,0.00,0.00,100.00,0.00,0.00,0.00,100.00,0.00,0.00,100.00,0.00,0.00,100.00,0.00,100.00,100.00,0.00,0.00,0.00,0.00,0.00,0.00,0.00,0.00,0.00,0.00,0.00,0.00,100.00,0.00,100.00,0.00,0.00,0.00,0.00,0.00,0.00,0.00,100.00
DK,19238,0.00,13.50,0.00,0.87,96.71,13.26,1.69,4.50,0.01,3.71,11.63,4.65,100.00,13.38,3.94,28.33,75.08,4.24,4.80,0.46,4.82,4.44,99.80,0.61,0.93,0.01,28.24,4.82,0.02,98.94,52.16,2.65,96.71,0.00,36.93,99.80,5.66,0.00,4.35,0.00,3.52,1.81,0.66,6.52,0.01,2.88,49.98,4.10,100.00,0.00,25.66,2.16,0.00,1.57,54.71,1.85,0.00,52.32,99.75
DZ,26,0.00,3.85,92.31,0.00,100.00,0.00,0.00,3.85,92.31,3.85,0.00,3.85,100.00,0.00,3.85,92.31,80.77,3.85,3.85,0.00,96.15,96.15,100.00,0.00,0.00,0.00,92.31,3.85,0.00,7.69,3.85,3.85,100.00,84.62,96.15,100.00,0.00,65.38,3.85,0.00,96.15,0.00,3.85,0.00,0.00,3.85,3.85,3.85,100.00,57.69,0.00,0.00,0.00,3.85,3.85,0.00,0.00,3.85,7.69
EE,6621,0.00,0.15,0.00,0.02,99.85,17.43,0.06,0.08,0.00,0.08,17.55,0.06,100.00,17.55,0.06,82.81,99.82,0.08,0.08,0.00,0.08,0.08,99.85,0.02,0.02,0.00,82.80,0.08,0.00,98.16,94.80,0.03,99.85,0.00,99.73,99.85,0.05,0.00,0.06,0.00,0.06,0.05,0.02,0.06,0.00,0.06,99.53,0.06,100.00,0.00,83.27,0.05,0.00,0.02,99.55,0.05,0.00,94.82,99.85
EG,26,0.00,0.00,84.62,0.00,61.54,0.00,0.00,0.00,61.54,0.00,0.00,0.00,100.00,0.00,0.00,73.08,61.54,0.00,0.00,0.00,61.54,61.54,61.54,0.00,0.00,0.00,73.08,0.00,0.00,0.00,0.00,0.00,61.54,57.69,80.77,61.54,0.00,26.92,0.00,0.00,61.54,0.00,0.00,0.00,0.00,0.00,0.00,0.00,100.00,42.31,0.00,0.00,0.00,0.00,0.00,0.00,0.00,0.00,0.00
ER,3,0.00,0.00,66.67,0.00,100.00,33.33,33.33,33.33,66.67,33.33,33.33,33.33,100.00,33.33,33.33,100.00,100.00,33.33,33.33,33.33,100.00,100.00,100.00,0.00,0.00,0.00,100.00,33.33,0.00,33.33,33.33,33.33,100.00,66.67,100.00,100.00,33.33,66.67,33.33,0.00,100.00,0.00,0.00,33.33,0.00,33.33,33.33,33.33,100.00,33.33,33.33,0.00,0.00,0.00,33.33,0.00,0.00,33.33,33.33
ES,81061,0.00,27.46,0.00,0.17,95.70,51.43,0.22,0.40,0.03,0.40,42.36,0.37,100.00,52.01,0.40,81.47,75.62,0.36,0.40,0.11,0.41,0.39,99.98,0.45,0.19,0.00,80.25,0.41,0.01,96.96,76.10,0.39,95.70,0.00,88.19,99.98,0.11,0.00,0.35,0.00,0.37,0.19,0.10,0.43,0.03,0.33,65.98,0.31,100.00,0.00,64.37,0.22,0.00,0.13,77.58,0.20,0.00,76.66,99.15
ET,16,0.00,0.00,87.50,0.00,93.75,0.00,6.25,6.25,87.50,6.25,0.00,0.00,100.00,0.00,6.25,87.50,93.75,6.25,6.25,0.00,93.75,93.75,93.75,0.00,0.00,0.00,87.50,6.25,0.00,6.25,6.25,0.00,93.75,87.50,87.50,93.75,6.25,43.75,6.25,0.00,87.50,0.00,6.25,6.25,0.00,0.00,6.25,0.00,100.00,56.25,0.00,6.25,0.00,0.00,6.25,0.00,0.00,6.25,6.25
FI,20997,0.00,16.73,0.00,9.83,96.12,27.95,0.47,1.23,0.00,1.23,26.36,0.99,100.00,28.06,1.09,28.34,75.18,0.96,1.40,0.31,1.42,1.40,100.00,6.29,9.22,0.00,27.55,1.42,0.02,99.07,95.57,1.06,96.12,0.00,46.13,100.00,0.25,0.00,0.90,0.00,1.10,34.34,0.17,1.39,0.00,0.75,92.08,0.93,100.00,0.00,27.16,0.49,0.00,0.32,97.43,33.51,0.00,97.41,99.98
FJ,1,0.00,0.00,100.00,0.00,100.00,0.00,0.00,0.00,100.00,0.00,0.00,0.00,100.00,0.00,0.00,100.00,100.00,0.00,0.00,0.00,100.00,100.00,100.00,0.00,0.00,0.00,100.00,0.00,0.00,0.00,0.00,0.00,100.00,100.00,100.00,100.00,0.00,100.00,0.00,0.00,100.00,0.00,0.00,0.00,0.00,0.00,0.00,0.00,100.00,100.00,0.00,0.00,0.00,0.00,0.00,0.00,0.00,0.00,0.00
FR,586288,0.00,13.22,0.00,1.18,99.02,13.73,0.02,0.05,0.01,0.04,9.36,0.04,100.00,14.22,0.03,46.35,92.75,0.04,0.05,0.01,0.05,0.04,99.89,2.50,1.15,0.00,45.37,0.05,0.00,99.44,17.08,0.02,99.02,0.00,57.50,99.89,1.92,0.00,0.03,0.00,0.03,0.57,0.01,2.79,0.03,0.02,16.92,0.04,100.00,0.00,33.11,0.02,0.00,0.02,17.75,0.55,0.00,17.17,99.88
GB,31470,0.00,18.83,0.00,2.57,97.95,24.31,0.00,99.65,0.01,96.07,20.54,65.84,100.00,24.92,94.22,24.15,96.00,88.67,99.73,0.00,100.00,79.71,100.00,3.89,2.57,0.01,23.47,100.00,0.00,99.80,54.15,68.14,97.95,0.00,47.82,100.00,10.27,0.00,93.81,0.00,85.85,3.72,58.49,44.44,0.01,55.53,50.92,72.07,100.00,0.00,19.06,2.36,0.00,36.80,60.86,3.71,0.00,54.67,99.94
GE,25,0.00,4.00,76.00,0.00,68.00,4.00,0.00,4.00,68.00,4.00,0.00,4.00,100.00,4.00,4.00,76.00,64.00,4.00,4.00,0.00,72.00,48.00,72.00,0.00,0.00,0.00,76.00,4.00,0.00,4.00,4.00,4.00,68.00,64.00,80.00,72.00,0.00,32.00,4.00,0.00,68.00,0.00,0.00,0.00,0.00,4.00,0.00,4.00,100.00,44.00,0.00,0.00,0.00,4.00,4.00,0.00,0.00,4.00,4.00
GH,13,0.00,0.00,100.00,0.00,100.00,0.00,0.00,0.00,100.00,0.00,0.00,0.00,100.00,0.00,0.00,100.00,100.00,0.00,0.00,0.00,100.00,92.31,100.00,0.00,0.00,0.00,100.00,0.00,0.00,0.00,0.00,0.00,100.00,100.00,100.00,100.00,0.00,15.38,0.00,0.00,92.31,0.00,0.00,0.00,0.00,0.00,0.00,0.00,100.00,100.00,0.00,0.00,0.00,0.00,0.00,0.00,0.00,0.00,0.00
GI,23,0.00,21.74,0.00,0.00,86.96,26.09,34.78,100.00,0.00,95.65,26.09,82.61,100.00,26.09,65.22,34.78,47.83,52.17,100.00,8.70,100.00,65.22,100.00,0.00,0.00,0.00,34.78,100.00,0.00,100.00,52.17,60.87,86.96,0.00,34.78,100.00,26.09,0.00,39.13,0.00,56.52,0.00,26.09,26.09,0.00,39.13,21.74,47.83,100.00,0.00,26.09,39.13,0.00,4.35,52.17,0.00,0.00,52.17,100.00
GN,4,0.00,0.00,100.00,0.00,100.00,0.00,0.00,0.00,100.00,0.00,0.00,0.00,100.00,0.00,0.00,100.00,100.00,0.00,0.00,0.00,100.00,100.00,100.00,0.00,0.00,0.00,100.00,0.00,0.00,0.00,0.00,0.00,100.00,100.00,100.00,100.00,0.00,100.00,0.00,0.00,100.00,0.00,0.00,0.00,0.00,0.00,0.00,0.00,100.00,25.00,0.00,0.00,0.00,0.00,0.00,0.00,0.00,0.00,0.00
GR,13838,0.00,33.99,0.00,4.78,97.12,64.30,0.56,1.16,0.01,0.89,60.66,1.16,100.00,64.48,1.07,85.47,89.34,0.88,1.16,0.20,1.16,1.16,100.00,0.87,4.91,0.00,85.25,1.16,0.00,97.29,85.24,0.87,97.12,0.00,94.40,100.00,0.39,0.00,1.16,0.00,1.12,4.22,0.26,0.82,0.04,1.07,82.35,1.00,100.00,0.00,80.71,0.72,0.00,0.19,85.94,4.36,0.00,85.84,99.31
GW,1,0.00,0.00,100.00,0.00,100.00,0.00,0.00,0.00,100.00,0.00,0.00,0.00,100.00,0.00,0.00,100.00,100.00,0.00,0.00,0.00,100.00,100.00,100.00,0.00,0.00,0.00,100.00,0.00,0.00,0.00,0.00,0.00,100.00,100.00,100.00,100.00,0.00,100.00,0.00,0.00,100.00,0.00,0.00,0.00,0.00,0.00,0.00,0.00,100.00,0.00,0.00,0.00,0.00,0.00,0.00,0.00,0.00,0.00,0.00
GY,15,0.00,0.00,100.00,0.00,100.00,0.00,0.00,0.00,100.00,0.00,0.00,0.00,100.00,0.00,0.00,100.00,100.00,0.00,0.00,0.00,100.00,100.00,100.00,0.00,0.00,0.00,100.00,0.00,0.00,0.00,0.00,0.00,100.00,100.00,100.00,100.00,0.00,6.67,0.00,0.00,100.00,0.00,0.00,0.00,0.00,0.00,0.00,0.00,100.00,100.00,0.00,0.00,0.00,0.00,0.00,0.00,0.00,0.00,0.00
HN,4,0.00,0.00,100.00,0.00,100.00,0.00,0.00,0.00,100.00,0.00,0.00,0.00,100.00,0.00,0.00,100.00,100.00,0.00,0.00,0.00,100.00,100.00,100.00,0.00,0.00,0.00,100.00,0.00,0.00,0.00,0.00,0.00,100.00,100.00,100.00,100.00,0.00,75.00,0.00,0.00,100.00,0.00,0.00,0.00,0.00,0.00,0.00,0.00,100.00,100.00,0.00,0.00,0.00,0.00,0.00,0.00,0.00,0.00,0.00
HR,154,0.00,0.65,88.96,0.00,92.21,2.60,0.65,2.60,87.01,2.60,1.95,2.60,100.00,2.60,2.60,94.16,90.91,2.60,2.60,0.00,90.91,90.91,90.91,0.00,0.00,0.00,94.16,2.60,0.00,2.60,2.60,1.95,92.21,88.31,96.10,90.91,0.00,36.36,2.60,0.00,98.05,0.00,0.00,1.95,0.00,2.60,2.60,2.60,100.00,61.04,1.95,0.65,0.00,1.30,2.60,0.00,0.00,2.60,2.60
HT,1,0.00,0.00,0.00,0.00,100.00,0.00,0.00,100.00,0.00,0.00,0.00,0.00,100.00,0.00,100.00,0.00,0.00,0.00,100.00,0.00,100.00,100.00,100.00,0.00,0.00,0.00,0.00,100.00,0.00,100.00,100.00,100.00,100.00,0.00,100.00,100.00,0.00,0.00,100.00,0.00,0.00,0.00,0.00,100.00,0.00,0.00,0.00,0.00,100.00,0.00,0.00,0.00,0.00,0.00,100.00,0.00,0.00,100.00,100.00
HU,23429,0.00,14.46,0.03,0.53,94.59,57.64,0.03,0.03,0.03,0.03,57.43,0.03,100.00,57.66,0.04,93.25,99.03,0.03,0.03,0.01,0.06,0.06,100.00,0.16,0.53,0.00,93.18,0.03,0.00,97.56,95.95,0.03,94.59,0.03,96.31,100.00,0.03,0.02,0.03,0.00,0.07,0.30,0.02,0.04,0.00,0.03,95.73,0.03,100.00,0.03,92.82,0.03,0.00,0.00,96.18,0.30,0.00,95.98,99.96
ID,6,0.00,16.67,50.00,0.00,100.00,16.67,0.00,50.00,50.00,50.00,0.00,50.00,100.00,16.67,50.00,66.67,83.33,50.00,50.00,0.00,100.00,100.00,100.00,0.00,0.00,0.00,50.00,50.00,0.00,50.00,16.67,50.00,100.00,50.00,83.33,100.00,16.67,50.00,50.00,0.00,100.00,0.00,33.33,33.33,0.00,50.00,16.67,33.33,100.00,16.67,16.67,0.00,0.00,16.67,33.33,0.00,0.00,16.67,50.00
IE,12321,0.00,13.29,0.00,0.52,99.44,6.38,32.47,99.60,0.00,94.79,5.55,9.49,100.00,6.75,99.16,10.80,99.16,96.38,99.94,25.30,99.97,99.50,100.00,0.63,0.52,0.00,10.76,99.97,0.02,99.98,32.16,54.11,99.44,0.00,24.00,100.00,12.22,0.00,99.80,0.00,98.84,5.14,93.99,61.58,0.00,9.63,94.27,12.13,100.00,0.00,11.24,42.09,0.00,31.60,97.31,5.13,0.00,32.64,99.98
IL,3,0.00,0.00,33.33,0.00,33.33,33.33,33.33,66.67,0.00,66.67,0.00,33.33,100.00,33.33,33.33,33.33,33.33,66.67,66.67,0.00,66.67,66.67,66.67,0.00,0.00,0.00,33.33,66.67,0.00,66.67,66.67,66.67,33.33,0.00,66.67,66.67,33.33,0.00,66.67,0.00,66.67,0.00,0.00,33.33,0.00,33.33,33.33,66.67,100.00,0.00,33.33,0.00,0.00,33.33,66.67,0.00,0.00,66.67,66.67
IN,29,0.00,10.34,3.45,0.00,100.00,68.97,75.86,82.76,3.45,89.66,68.97,86.21,100.00,79.31,93.10,89.66,93.10,93.10,93.10,17.24,96.55,89.66,100.00,0.00,0.00,0.00,72.41,93.10,0.00,96.55,68.97,89.66,100.00,3.45,93.10,100.00,17.24,3.45,89.66,0.00,96.55,0.00,68.97,55.17,0.00,93.10,86.21,89.66,100.00,3.45,82.76,75.86,0.00,0.00,89.66,0.00,0.00,86.21,96.55
IQ,6,0.00,0.00,83.33,0.00,100.00,0.00,16.67,16.67,83.33,16.67,0.00,16.67,100.00,0.00,33.33,66.67,100.00,16.67,16.67,0.00,83.33,83.33,100.00,0.00,0.00,0.00,66.67,16.67,0.00,16.67,0.00,16.67,100.00,83.33,83.33,100.00,16.67,66.67,16.67,16.67,100.00,0.00,0.00,16.67,0.00,16.67,0.00,16.67,100.00,16.67,0.00,16.67,0.00,0.00,0.00,0.00,16.67,0.00,16.67
IS,520,0.00,0.19,0.58,0.00,96.54,3.85,33.08,99.42,0.58,93.65,1.92,83.65,100.00,3.85,95.38,7.69,75.77,65.19,99.42,8.08,100.00,78.46,100.00,0.00,0.19,0.00,7.50,99.42,0.00,99.42,26.73,96.92,96.54,0.58,10.96,100.00,0.00,0.19,68.85,0.00,95.96,0.38,23.08,61.73,0.00,35.58,21.54,66.15,100.00,0.38,3.46,38.08,0.00,19.62,26.92,0.58,0.00,26.92,99.42
IT,76274,0.00,29.23,0.00,0.47,94.56,59.80,0.38,0.61,0.13,0.58,51.98,0.58,100.00,59.92,0.56,83.62,77.88,0.58,0.61,0.19,0.63,0.60,99.96,0.22,0.68,0.00,83.18,0.63,0.02,97.81,79.48,0.57,94.56,0.00,86.70,99.96,0.24,0.00,0.60,0.00,0.58,0.55,0.20,0.63,0.15,0.52,73.15,0.57,100.00,0.00,72.46,0.27,0.00,0.12,80.72,0.61,0.00,79.65,99.84
JM,3,0.00,0.00,100.00,0.00,100.00,0.00,0.00,0.00,100.00,0.00,0.00,0.00,100.00,0.00,0.00,100.00,100.00,0.00,0.00,0.00,100.00,0.00,100.00,0.00,0.00,0.00,100.00,0.00,0.00,0.00,0.00,0.00,100.00,100.00,100.00,100.00,0.00,0.00,0.00,0.00,100.00,0.00,0.00,0.00,0.00,0.00,0.00,0.00,100.00,100.00,0.00,0.00,0.00,0.00,0.00,0.00,0.00,0.00,0.00
JO,6,0.00,0.00,100.00,0.00,100.00,0.00,0.00,0.00,100.00,0.00,0.00,0.00,100.00,0.00,66.67,83.33,50.00,0.00,0.00,0.00,33.33,33.33,100.00,0.00,0.00,0.00,83.33,0.00,0.00,0.00,0.00,0.00,100.00,100.00,100.00,100.00,0.00,100.00,0.00,66.67,100.00,0.00,0.00,0.00,0.00,0.00,0.00,0.00,100.00,66.67,0.00,0.00,0.00,0.00,0.00,0.00,50.00,0.00,0.00
JP,7,0.00,0.00,0.00,0.00,100.00,28.57,71.43,100.00,0.00,100.00,28.57,85.71,100.00,28.57,100.00,57.14,71.43,71.43,100.00,14.29,100.00,100.00,100.00,0.00,0.00,0.00,57.14,100.00,0.00,100.00,71.43,100.00,100.00,0.00,71.43,100.00,0.00,0.00,100.00,0.00,100.00,0.00,0.00,14.29,0.00,71.43,28.57,85.71,100.00,0.00,14.29,71.43,0.00,0.00,71.43,0.00,0.00,71.43,100.00
KE,66,0.00,1.52,28.79,0.00,92.42,9.09,10.61,65.15,28.79,65.15,9.09,56.06,100.00,9.09,63.64,60.61,90.91,63.64,65.15,1.52,93.94,80.30,93.94,0.00,0.00,0.00,60.61,65.15,0.00,56.06,21.21,51.52,92.42,25.76,60.61,93.94,3.03,9.09,54.55,0.00,92.42,0.00,13.64,6.06,0.00,53.03,21.21,53.03,100.00,21.21,21.21,10.61,0.00,27.27,21.21,0.00,0.00,21.21,65.15
KG,6,0.00,0.00,100.00,0.00,100.00,0.00,0.00,0.00,100.00,0.00,0.00,0.00,100.00,0.00,0.00,100.00,100.00,0.00,0.00,0.00,100.00,83.33,100.00,0.00,0.00,0.00,100.00,0.00,0.00,0.00,0.00,0.00,100.00,100.00,100.00,100.00,0.00,50.00,0.00,0.00,100.00,0.00,0.00,0.00,0.00,0.00,0.00,0.00,100.00,33.33,0.00,0.00,0.00,0.00,0.00,0.00,0.00,0.00,0.00
KM,1,0.00,0.00,100.00,0.00,100.00,0.00,0.00,0.00,100.00,0.00,0.00,0.00,100.00,0.00,0.00,100.00,100.00,0.00,0.00,0.00,100.00,100.00,100.00,0.00,0.00,0.00,100.00,0.00,0.00,0.00,0.00,0.00,100.00,100.00,100.00,100.00,0.00,100.00,0.00,0.00,100.00,0.00,0.00,0.00,0.00,0.00,0.00,0.00,100.00,0.00,0.00,0.00,0.00,0.00,0.00,0.00,0.00,0.00,0.00
KP,6,0.00,0.00,100.00,0.00,100.00,0.00,0.00,0.00,100.00,0.00,0.00,0.00,100.00,0.00,0.00,100.00,100.00,0.00,0.00,0.00,100.00,100.00,83.33,0.00,0.00,0.00,100.00,0.00,0.00,0.00,0.00,0.00,100.00,100.00,100.00,83.33,0.00,33.33,0.00,0.00,100.00,0.00,0.00,0.00,0.00,0.00,0.00,0.00,100.00,83.33,0.00,0.00,0.00,0.00,0.00,0.00,0.00,0.00,0.00
KR,1,0.00,100.00,0.00,100.00,100.00,100.00,100.00,100.00,0.00,100.00,100.00,100.00,100.00,100.00,100.00,100.00,100.00,0.00,100.00,100.00,100.00,100.00,100.00,0.00,100.00,0.00,100.00,100.00,0.00,100.00,0.00,100.00,100.00,0.00,100.00,100.00,0.00,0.00,100.00,0.00,100.00,0.00,0.00,0.00,0.00,100.00,0.00,100.00,100.00,0.00,100.00,0.00,0.00,0.00,0.00,0.00,0.00,0.00,100.00
KZ,4,0.00,0.00,100.00,0.00,100.00,0.00,0.00,0.00,100.00,0.00,0.00,0.00,100.00,0.00,0.00,100.00,100.00,0.00,0.00,0.00,100.00,100.00,100.00,0.00,0.00,0.00,100.00,0.00,0.00,0.00,0.00,0.00,100.00,100.00,100.00,100.00,0.00,100.00,0.00,0.00,100.00,0.00,0.00,0.00,0.00,0.00,0.00,0.00,100.00,75.00,0.00,0.00,0.00,0.00,0.00,0.00,0.00,0.00,0.00
LA,1,0.00,0.00,0.00,0.00,0.00,0.00,100.00,100.00,0.00,100.00,0.00,100.00,100.00,0.00,0.00,0.00,0.00,100.00,100.00,0.00,100.00,100.00,100.00,0.00,0.00,0.00,0.00,100.00,0.00,100.00,100.00,100.00,0.00,0.00,0.00,100.00,100.00,0.00,100.00,0.00,100.00,0.00,100.00,100.00,0.00,100.00,100.00,100.00,100.00,0.00,0.00,0.00,0.00,0.00,100.00,0.00,0.00,100.00,100.00
LB,7,0.00,0.00,100.00,0.00,85.71,0.00,0.00,0.00,100.00,0.00,0.00,0.00,100.00,0.00,14.29,85.71,100.00,0.00,0.00,0.00,100.00,85.71,100.00,0.00,0.00,0.00,85.71,0.00,0.00,0.00,0.00,0.00,85.71,100.00,100.00,100.00,0.00,85.71,0.00,0.00,100.00,0.00,0.00,0.00,0.00,0.00,0.00,0.00,100.00,42.86,0.00,0.00,0.00,0.00,0.00,0.00,0.00,0.00,0.00
LC,3,0.00,0.00,100.00,0.00,100.00,0.00,0.00,0.00,100.00,0.00,0.00,0.00,100.00,0.00,0.00,100.00,100.00,0.00,0.00,0.00,100.00,100.00,100.00,0.00,0.00,0.00,100.00,0.00,0.00,0.00,0.00,0.00,100.00,100.00,100.00,100.00,0.00,33.33,0.00,0.00,100.00,0.00,0.00,0.00,0.00,0.00,0.00,0.00,100.00,66.67,0.00,0.00,0.00,0.00,0.00,0.00,0.00,0.00,0.00
LI,201,0.00,1.00,0.00,1.49,95.02,5.47,0.00,0.00,0.00,0.00,4.98,0.00,100.00,5.47,0.00,90.55,87.06,0.00,0.00,0.00,0.00,0.00,99.50,0.00,38.81,0.00,90.55,0.00,0.00,99.50,11.44,0.00,95.02,0.00,91.04,99.50,0.00,0.00,0.00,0.00,0.00,1.00,0.00,0.00,0.00,0.00,10.95,0.00,100.00,0.00,79.10,0.00,0.00,0.00,11.44,1.00,0.00,11.44,99.50
LK,1,0.00,0.00,0.00,0.00,0.00,0.00,0.00,0.00,0.00,0.00,0.00,0.00,100.00,0.00,0.00,0.00,0.00,0.00,0.00,0.00,0.00,0.00,0.00,0.00,0.00,0.00,0.00,0.00,0.00,0.00,0.00,0.00,0.00,0.00,0.00,0.00,0.00,0.00,0.00,0.00,0.00,0.00,0.00,0.00,0.00,0.00,0.00,0.00,100.00,0.00,0.00,0.00,0.00,0.00,0.00,0.00,0.00,0.00,0.00
LS,1,0.00,0.00,100.00,0.00,100.00,0.00,0.00,0.00,100.00,0.00,0.00,0.00,100.00,0.00,0.00,100.00,100.00,0.00,0.00,0.00,100.00,100.00,100.00,0.00,0.00,0.00,100.00,0.00,0.00,0.00,0.00,0.00,100.00,100.00,100.00,100.00,0.00,100.00,0.00,0.00,100.00,0.00,0.00,0.00,0.00,0.00,0.00,0.00,100.00,100.00,0.00,0.00,0.00,0.00,0.00,0.00,0.00,0.00,0.00
LT,32588,0.00,12.16,0.00,0.07,99.98,6.42,0.07,0.09,0.00,0.09,6.40,0.09,100.00,6.43,0.09,98.81,99.98,0.08,0.09,0.02,0.09,0.09,99.99,0.05,0.07,0.00,98.81,0.09,0.00,99.40,99.86,0.08,99.98,0.00,99.32,99.99,0.00,0.00,0.07,0.00,0.08,11.11,0.01,0.09,0.00,0.07,99.86,0.09,100.00,0.00,98.81,0.01,0.00,0.01,99.87,11.11,0.00,99.87,99.99
LU,3244,0.09,5.43,0.15,12.79,94.14,20.13,35.51,48.27,0.09,48.21,16.95,47.60,100.00,20.41,45.35,73.58,82.43,47.53,48.15,8.45,49.26,48.18,98.58,0.15,12.79,0.00,71.24,48.67,0.80,96.18,35.73,27.59,94.14,0.15,78.33,98.58,31.60,0.09,46.98,0.25,46.82,5.36,10.11,44.30,0.00,43.03,31.97,46.89,100.00,1.20,50.25,14.64,0.00,7.31,37.85,5.33,0.06,35.85,97.29
LV,41042,0.00,1.29,0.00,0.12,95.02,49.36,0.00,0.01,0.00,0.01,49.31,0.01,100.00,49.37,0.01,86.94,99.75,0.01,0.01,0.00,0.01,0.01,99.92,0.01,0.12,0.00,86.88,0.01,0.00,99.66,57.79,0.01,95.02,0.00,91.21,99.92,0.06,0.00,0.01,0.00,0.01,0.05,0.00,0.06,0.00,0.01,99.13,0.01,100.00,0.00,86.88,0.01,0.00,0.00,99.15,0.05,0.00,57.80,99.92
MA,19,0.00,0.00,63.16,0.00,63.16,0.00,0.00,0.00,63.16,0.00,0.00,0.00,100.00,0.00,0.00,63.16,63.16,0.00,0.00,0.00,63.16,63.16,63.16,0.00,0.00,0.00,63.16,0.00,0.00,0.00,0.00,0.00,63.16,63.16,63.16,63.16,0.00,63.16,0.00,0.00,63.16,0.00,0.00,0.00,0.00,0.00,0.00,0.00,100.00,36.84,0.00,0.00,0.00,0.00,0.00,0.00,0.00,0.00,0.00
MD,18,0.00,0.00,66.67,0.00,72.22,0.00,0.00,0.00,66.67,0.00,0.00,0.00,100.00,0.00,0.00,72.22,72.22,0.00,0.00,0.00,66.67,66.67,72.22,0.00,0.00,0.00,72.22,0.00,0.00,5.56,5.56,0.00,72.22,66.67,72.22,72.22,0.00,44.44,0.00,0.00,66.67,0.00,0.00,0.00,0.00,0.00,5.56,0.00,100.00,22.22,5.56,0.00,0.00,0.00,5.56,0.00,0.00,5.56,5.56
ME,51,0.00,0.00,86.27,0.00,94.12,0.00,1.96,1.96,84.31,1.96,0.00,1.96,100.00,0.00,1.96,84.31,86.27,1.96,1.96,1.96,92.16,68.63,94.12,0.00,0.00,0.00,84.31,7.84,5.88,1.96,0.00,1.96,94.12,86.27,86.27,94.12,0.00,23.53,1.96,1.96,88.24,0.00,1.96,0.00,0.00,1.96,0.00,1.96,100.00,64.71,0.00,0.00,0.00,0.00,0.00,0.00,1.96,0.00,1.96
MK,405,0.00,9.38,8.15,7.41,84.94,42.22,52.35,90.12,9.38,80.00,18.77,84.94,100.00,42.47,74.81,59.01,84.69,67.90,91.36,18.77,99.51,84.20,99.51,0.00,7.41,0.49,58.77,91.36,0.00,91.11,44.20,48.89,84.94,7.90,82.72,99.51,5.43,5.93,88.89,0.00,70.12,6.42,5.43,37.04,1.23,60.49,43.46,78.52,100.00,3.95,40.00,55.31,0.00,23.95,44.20,6.42,0.00,44.20,91.36
ML,4,0.00,25.00,75.00,0.00,100.00,0.00,0.00,25.00,75.00,25.00,0.00,25.00,100.00,0.00,25.00,75.00,50.00,25.00,25.00,0.00,100.00,100.00,100.00,0.00,0.00,0.00,75.00,25.00,0.00,25.00,0.00,25.00,100.00,75.00,100.00,100.00,0.00,25.00,25.00,0.00,100.00,0.00,0.00,25.00,0.00,25.00,0.00,25.00,100.00,50.00,0.00,0.00,0.00,25.00,25.00,0.00,0.00,0.00,25.00
MM,2,0.00,0.00,0.00,0.00,50.00,0.00,100.00,100.00,0.00,100.00,0.00,100.00,100.00,0.00,50.00,50.00,100.00,100.00,100.00,0.00,100.00,100.00,100.00,0.00,0.00,0.00,50.00,100.00,0.00,100.00,0.00,100.00,50.00,0.00,50.00,100.00,0.00,0.00,100.00,0.00,50.00,0.00,0.00,0.00,0.00,50.00,0.00,100.00,100.00,0.00,0.00,100.00,0.00,0.00,0.00,0.00,0.00,0.00,100.00
MR,7,0.00,0.00,100.00,0.00,100.00,0.00,0.00,0.00,100.00,0.00,0.00,0.00,100.00,0.00,0.00,100.00,71.43,0.00,0.00,0.00,100.00,100.00,100.00,0.00,0.00,0.00,100.00,0.00,0.00,0.00,0.00,0.00,100.00,100.00,100.00,100.00,0.00,71.43,0.00,0.00,100.00,0.00,0.00,0.00,0.00,0.00,0.00,0.00,100.00,85.71,0.00,0.00,0.00,0.00,0.00,0.00,0.00,0.00,0.00
MT,803,0.00,1.49,0.00,0.12,99.25,37.86,32.50,100.00,0.00,92.78,34.50,98.01,100.00,37.86,96.14,85.80,91.53,80.82,100.00,1.25,100.00,97.76,100.00,0.12,0.12,0.00,85.80,100.00,0.00,99.88,87.30,98.88,99.25,0.00,87.05,100.00,2.99,0.00,87.42,0.00,97.76,0.00,21.79,4.98,0.00,90.66,74.60,98.01,100.00,0.00,71.48,46.82,0.00,0.62,87.42,0.00,0.00,87.30,100.00
MU,2,0.00,0.00,100.00,0.00,100.00,0.00,0.00,0.00,100.00,0.00,0.00,0.00,100.00,0.00,0.00,100.00,100.00,0.00,0.00,0.00,100.00,100.00,100.00,0.00,0.00,0.00,100.00,0.00,0.00,0.00,0.00,0.00,100.00,100.00,100.00,100.00,0.00,100.00,0.00,0.00,100.00,0.00,0.00,0.00,0.00,0.00,0.00,0.00,100.00,0.00,0.00,0.00,0.00,0.00,0.00,0.00,0.00,0.00,0.00
MW,5,0.00,0.00,60.00,0.00,80.00,0.00,0.00,20.00,60.00,20.00,0.00,20.00,100.00,20.00,20.00,60.00,80.00,0.00,20.00,0.00,80.00,60.00,80.00,0.00,0.00,0.00,60.00,20.00,0.00,20.00,0.00,0.00,80.00,60.00,80.00,80.00,0.00,60.00,0.00,0.00,80.00,0.00,0.00,0.00,0.00,20.00,0.00,0.00,100.00,40.00,0.00,0.00,0.00,0.00,0.00,0.00,0.00,0.00,20.00
MX,5,0.00,0.00,20.00,0.00,60.00,40.00,20.00,60.00,20.00,60.00,40.00,60.00,100.00,40.00,20.00,40.00,60.00,20.00,60.00,20.00,80.00,80.00,100.00,0.00,0.00,0.00,40.00,60.00,0.00,80.00,80.00,20.00,60.00,20.00,60.00,100.00,20.00,20.00,60.00,0.00,40.00,0.00,0.00,20.00,0.00,40.00,80.00,20.00,100.00,0.00,20.00,0.00,0.00,20.00,80.00,0.00,0.00,80.00,80.00
MY,2,0.00,0.00,100.00,0.00,100.00,0.00,0.00,0.00,100.00,0.00,0.00,0.00,100.00,0.00,0.00,100.00,100.00,0.00,0.00,0.00,100.00,100.00,100.00,0.00,0.00,0.00,100.00,0.00,0.00,0.00,0.00,0.00,100.00,100.00,100.00,100.00,0.00,100.00,0.00,0.00,100.00,0.00,0.00,0.00,0.00,0.00,0.00,0.00,100.00,0.00,0.00,0.00,0.00,0.00,0.00,0.00,0.00,0.00,0.00
MZ,13,0.00,0.00,76.92,0.00,92.31,7.69,7.69,23.08,53.85,23.08,0.00,23.08,100.00,7.69,30.77,61.54,61.54,23.08,23.08,0.00,76.92,69.23,76.92,0.00,0.00,0.00,61.54,23.08,0.00,23.08,0.00,15.38,92.31,53.85,76.92,76.92,7.69,61.54,15.38,23.08,92.31,0.00,7.69,15.38,0.00,7.69,0.00,7.69,100.00,46.15,0.00,7.69,0.00,0.00,0.00,0.00,0.00,0.00,23.08
NA,9,0.00,0.00,100.00,0.00,100.00,0.00,0.00,0.00,100.00,0.00,0.00,0.00,100.00,0.00,0.00,100.00,100.00,0.00,0.00,0.00,100.00,100.00,100.00,0.00,0.00,0.00,100.00,0.00,0.00,0.00,0.00,0.00,100.00,100.00,100.00,100.00,0.00,33.33,0.00,0.00,100.00,0.00,0.00,0.00,0.00,0.00,0.00,0.00,100.00,100.00,0.00,0.00,0.00,0.00,0.00,0.00,0.00,0.00,0.00
NE,5,0.00,0.00,80.00,0.00,100.00,0.00,0.00,0.00,80.00,0.00,0.00,0.00,100.00,0.00,0.00,100.00,80.00,0.00,0.00,0.00,80.00,80.00,100.00,0.00,0.00,0.00,100.00,0.00,0.00,20.00,0.00,0.00,100.00,80.00,100.00,100.00,0.00,20.00,0.00,0.00,80.00,0.00,0.00,0.00,0.00,0.00,0.00,0.00,100.00,60.00,0.00,0.00,0.00,0.00,0.00,0.00,0.00,0.00,20.00
NG,21,0.00,0.00,52.38,0.00,100.00,33.33,0.00,47.62,52.38,47.62,23.81,42.86,100.00,33.33,47.62,57.14,95.24,42.86,47.62,0.00,100.00,71.43,100.00,0.00,0.00,0.00,57.14,47.62,0.00,47.62,4.76,4.76,100.00,52.38,85.71,100.00,0.00,19.05,47.62,0.00,76.19,0.00,28.57,0.00,0.00,28.57,4.76,42.86,100.00,42.86,4.76,0.00,0.00,4.76,4.76,0.00,0.00,4.76,47.62
NI,24,0.00,0.00,83.33,0.00,91.67,0.00,0.00,4.17,83.33,4.17,0.00,0.00,100.00,0.00,4.17,91.67,91.67,4.17,4.17,0.00,87.50,79.17,91.67,0.00,0.00,0.00,91.67,4.17,0.00,4.17,0.00,0.00,91.67,83.33,95.83,91.67,0.00,25.00,0.00,0.00,87.50,0.00,4.17,0.00,0.00,0.00,0.00,0.00,100.00,66.67,0.00,0.00,0.00,0.00,0.00,0.00,0.00,0.00,8.33
NL,25377,0.00,16.10,0.00,2.23,97.84,13.67,0.92,1.93,0.00,1.63,13.82,1.91,100.00,14.89,1.71,26.52,92.42,1.87,1.95,0.49,1.97,1.91,99.94,0.61,2.20,0.00,25.08,1.97,0.02,99.02,22.34,1.43,97.84,0.00,48.04,99.94,0.72,0.00,1.87,0.00,1.70,1.53,0.48,1.56,0.01,1.53,39.48,1.56,100.00,0.00,42.29,1.06,0.00,0.40,42.41,1.53,0.00,24.45,99.92
NO,14106,0.00,15.66,0.00,0.40,99.82,22.72,32.57,99.43,0.01,96.69,19.60,0.43,100.00,22.81,99.72,12.73,99.62,91.54,99.92,23.42,99.92,98.97,99.99,7.64,0.40,0.01,12.63,99.92,0.00,99.98,34.04,37.63,99.82,0.00,41.08,99.99,4.05,0.00,99.26,0.00,99.83,2.17,99.60,18.75,0.01,3.32,75.16,0.36,100.00,0.00,12.28,40.71,0.00,32.45,77.46,2.17,0.00,34.18,99.99
PA,1,0.00,0.00,100.00,0.00,100.00,0.00,0.00,0.00,100.00,0.00,0.00,0.00,100.00,0.00,0.00,100.00,100.00,0.00,0.00,0.00,100.00,100.00,100.00,0.00,0.00,0.00,100.00,0.00,0.00,0.00,0.00,0.00,100.00,100.00,100.00,100.00,0.00,100.00,0.00,0.00,100.00,0.00,0.00,0.00,0.00,0.00,0.00,0.00,100.00,100.00,0.00,0.00,0.00,0.00,0.00,0.00,0.00,0.00,0.00
PE,4,0.00,0.00,100.00,0.00,100.00,0.00,0.00,0.00,100.00,0.00,0.00,0.00,100.00,0.00,0.00,100.00,100.00,0.00,0.00,0.00,100.00,100.00,100.00,0.00,0.00,0.00,100.00,0.00,0.00,0.00,0.00,0.00,100.00,100.00,100.00,100.00,0.00,0.00,0.00,0.00,100.00,0.00,0.00,0.00,0.00,0.00,0.00,0.00,100.00,100.00,0.00,0.00,0.00,0.00,0.00,0.00,0.00,0.00,0.00
PH,4,0.00,0.00,100.00,0.00,100.00,0.00,0.00,0.00,100.00,0.00,0.00,0.00,100.00,0.00,0.00,100.00,100.00,0.00,0.00,0.00,100.00,100.00,100.00,0.00,0.00,0.00,100.00,0.00,0.00,0.00,0.00,0.00,100.00,100.00,100.00,100.00,0.00,100.00,0.00,0.00,100.00,0.00,0.00,0.00,0.00,0.00,0.00,0.00,100.00,0.00,0.00,0.00,0.00,0.00,0.00,0.00,0.00,0.00,0.00
PK,2,0.00,50.00,50.00,0.00,100.00,0.00,0.00,50.00,50.00,50.00,0.00,50.00,100.00,0.00,50.00,100.00,100.00,50.00,50.00,0.00,100.00,100.00,100.00,0.00,0.00,0.00,100.00,50.00,0.00,50.00,50.00,50.00,100.00,0.00,100.00,100.00,0.00,50.00,50.00,0.00,100.00,0.00,0.00,50.00,0.00,50.00,50.00,50.00,100.00,0.00,0.00,0.00,0.00,0.00,50.00,0.00,0.00,50.00,50.00
PL,434441,0.00,53.11,0.00,4.81,99.40,77.30,0.01,0.04,0.00,0.02,73.06,0.04,100.00,77.35,0.02,96.75,92.29,0.03,0.04,0.01,0.04,0.03,99.97,0.14,5.03,0.00,96.51,0.04,0.00,99.45,90.89,0.03,99.40,0.00,97.83,99.97,0.08,0.00,0.03,0.00,0.02,1.12,0.01,0.12,0.00,0.02,84.28,0.03,100.00,0.00,88.23,0.01,0.00,0.01,91.05,1.17,0.00,90.95,99.97
PS,3,0.00,0.00,66.67,0.00,100.00,0.00,33.33,33.33,66.67,33.33,0.00,33.33,100.00,0.00,33.33,66.67,66.67,33.33,33.33,0.00,100.00,100.00,100.00,0.00,0.00,0.00,66.67,33.33,0.00,33.33,33.33,33.33,100.00,33.33,66.67,100.00,33.33,66.67,33.33,0.00,100.00,0.00,0.00,33.33,0.00,33.33,33.33,33.33,100.00,0.00,0.00,33.33,0.00,0.00,33.33,0.00,0.00,33.33,33.33
PT,7706,0.00,18.15,0.00,0.51,87.13,44.29,1.53,2.97,0.06,2.95,39.51,2.66,100.00,44.41,1.89,68.30,69.28,2.04,2.97,0.56,2.98,2.31,99.96,0.71,0.67,0.00,68.22,2.98,0.01,97.99,68.89,2.80,87.13,0.00,75.63,99.96,0.13,0.00,1.69,0.00,2.26,0.88,0.53,1.25,0.09,1.91,66.58,2.92,100.00,0.00,62.12,1.41,0.00,0.21,69.67,1.06,0.00,69.32,99.90
PY,5,0.00,0.00,100.00,0.00,100.00,0.00,0.00,0.00,100.00,0.00,0.00,0.00,100.00,0.00,0.00,100.00,100.00,0.00,0.00,0.00,100.00,100.00,100.00,0.00,0.00,0.00,100.00,0.00,0.00,0.00,0.00,0.00,100.00,100.00,100.00,100.00,0.00,60.00,0.00,0.00,100.00,0.00,0.00,0.00,0.00,0.00,0.00,0.00,100.00,80.00,0.00,0.00,0.00,0.00,0.00,0.00,0.00,0.00,0.00
RO,70445,0.00,30.80,0.03,2.62,99.84,61.72,0.02,0.03,0.03,0.03,61.71,0.03,100.00,61.72,0.04,99.84,99.83,0.03,0.04,0.00,0.07,0.06,99.99,0.00,2.62,0.00,99.84,0.04,0.00,98.84,99.95,0.03,99.84,0.03,99.85,99.99,0.00,0.00,0.04,0.00,0.08,1.20,0.00,0.01,0.00,0.03,99.51,0.04,100.00,0.03,99.79,0.02,0.00,0.00,99.95,1.20,0.00,99.95,99.96
RS,310,0.00,0.32,94.19,0.00,95.16,0.00,0.65,1.61,93.23,0.97,0.00,1.29,100.00,0.00,4.19,93.55,82.90,1.29,1.29,0.65,92.58,91.29,95.16,0.00,0.00,0.00,93.55,0.97,0.00,1.29,0.97,0.65,95.16,92.26,94.84,95.16,0.32,30.32,0.97,2.90,95.48,0.00,0.00,1.29,0.00,0.65,0.65,0.97,100.00,69.68,0.65,0.00,0.00,0.00,0.97,0.00,0.65,0.97,0.65
RU,13,0.00,23.08,23.08,0.00,76.92,30.77,7.69,30.77,23.08,30.77,23.08,30.77,100.00,30.77,23.08,61.54,61.54,30.77,30.77,0.00,53.85,53.85,92.31,0.00,0.00,0.00,61.54,30.77,0.00,69.23,30.77,23.08,76.92,23.08,69.23,92.31,7.69,7.69,30.77,0.00,46.15,0.00,23.08,15.38,0.00,23.08,38.46,0.00,100.00,0.00,38.46,0.00,0.00,0.00,38.46,0.00,0.00,30.77,69.23
RW,3,0.00,0.00,0.00,0.00,100.00,33.33,0.00,66.67,0.00,66.67,33.33,0.00,100.00,33.33,66.67,100.00,100.00,66.67,66.67,0.00,66.67,66.67,100.00,0.00,0.00,0.00,100.00,66.67,0.00,33.33,33.33,0.00,100.00,0.00,100.00,100.00,0.00,0.00,0.00,0.00,66.67,0.00,66.67,0.00,0.00,0.00,33.33,0.00,100.00,0.00,33.33,0.00,0.00,0.00,33.33,0.00,0.00,33.33,100.00
SC,1,0.00,0.00,100.00,0.00,0.00,0.00,0.00,0.00,0.00,0.00,0.00,0.00,100.00,0.00,0.00,0.00,0.00,0.00,0.00,0.00,0.00,0.00,0.00,0.00,0.00,0.00,0.00,0.00,0.00,0.00,0.00,0.00,0.00,0.00,0.00,0.00,0.00,0.00,0.00,0.00,0.00,0.00,0.00,0.00,0.00,0.00,0.00,0.00,100.00,0.00,0.00,0.00,0.00,0.00,0.00,0.00,0.00,0.00,0.00
SD,11,0.00,9.09,0.00,0.00,100.00,81.82,63.64,100.00,0.00,100.00,81.82,90.91,100.00,81.82,100.00,100.00,81.82,36.36,100.00,0.00,100.00,100.00,100.00,0.00,0.00,0.00,100.00,100.00,0.00,100.00,100.00,90.91,100.00,0.00,100.00,100.00,0.00,0.00,100.00,0.00,100.00,9.09,18.18,0.00,0.00,100.00,81.82,100.00,100.00,0.00,81.82,63.64,0.00,0.00,100.00,9.09,0.00,100.00,100.00
SE,33610,0.00,2.93,0.00,0.86,98.61,14.22,0.79,2.70,0.00,2.38,11.80,2.29,100.00,14.24,2.09,8.44,97.90,1.32,2.70,0.28,2.70,2.54,99.99,1.39,0.89,0.00,8.38,2.70,0.00,99.21,18.93,2.31,98.61,0.00,21.26,99.99,0.09,0.00,1.91,0.00,1.93,1.01,1.53,0.37,0.00,0.79,15.47,1.38,100.00,0.00,7.86,1.23,0.00,0.38,21.70,1.04,0.00,18.93,99.97
SG,6,0.00,0.00,0.00,0.00,83.33,16.67,0.00,100.00,0.00,100.00,0.00,83.33,100.00,16.67,50.00,0.00,100.00,100.00,100.00,0.00,100.00,83.33,100.00,0.00,0.00,0.00,0.00,100.00,0.00,100.00,33.33,16.67,83.33,0.00,16.67,100.00,0.00,0.00,100.00,0.00,50.00,0.00,0.00,0.00,0.00,83.33,16.67,83.33,100.00,0.00,0.00,0.00,0.00,66.67,33.33,0.00,0.00,33.33,100.00
SI,28540,0.00,55.18,0.00,11.57,93.64,59.70,0.07,0.08,0.00,0.06,59.69,0.08,100.00,59.70,0.07,69.99,97.82,0.07,0.08,0.04,0.08,0.08,100.00,3.96,11.57,0.00,69.98,0.08,0.00,99.60,66.70,0.07,93.64,0.00,92.12,100.00,0.01,0.00,0.08,0.00,0.07,2.37,0.00,0.06,0.00,0.07,66.70,0.08,100.00,0.00,69.94,0.07,0.00,0.00,66.87,2.37,0.00,66.71,100.00
SK,11253,0.00,44.82,0.00,3.20,98.01,86.57,0.00,0.00,0.00,0.00,81.83,0.00,100.00,86.69,0.00,94.66,85.91,0.00,0.00,0.00,0.00,0.00,99.70,0.10,3.30,0.00,94.34,0.00,0.00,98.16,96.87,0.00,98.01,0.00,96.21,99.70,0.19,0.00,0.00,0.00,0.00,3.31,0.00,0.21,0.00,0.00,94.18,0.00,100.00,0.00,90.32,0.00,0.00,0.00,97.40,3.28,0.00,97.13,99.70
SL,6,0.00,0.00,100.00,0.00,100.00,0.00,0.00,0.00,100.00,0.00,0.00,0.00,100.00,0.00,0.00,100.00,66.67,0.00,0.00,0.00,100.00,83.33,100.00,0.00,0.00,0.00,100.00,0.00,0.00,0.00,0.00,0.00,100.00,100.00,100.00,100.00,0.00,33.33,0.00,0.00,100.00,0.00,0.00,0.00,0.00,0.00,0.00,0.00,100.00,100.00,0.00,0.00,0.00,0.00,0.00,0.00,0.00,0.00,0.00
SN,14,0.00,0.00,85.71,0.00,92.86,0.00,0.00,7.14,85.71,7.14,0.00,7.14,100.00,0.00,14.29,78.57,85.71,0.00,7.14,0.00,92.86,78.57,100.00,0.00,0.00,0.00,78.57,7.14,0.00,14.29,0.00,7.14,92.86,85.71,85.71,100.00,0.00,28.57,7.14,0.00,92.86,0.00,0.00,7.14,0.00,7.14,0.00,7.14,100.00,57.14,0.00,0.00,0.00,7.14,0.00,0.00,0.00,0.00,14.29
SR,1,0.00,0.00,100.00,0.00,100.00,0.00,0.00,0.00,100.00,0.00,0.00,0.00,100.00,0.00,0.00,100.00,100.00,0.00,0.00,0.00,100.00,100.00,100.00,0.00,0.00,0.00,100.00,0.00,0.00,0.00,0.00,0.00,100.00,100.00,100.00,100.00,0.00,0.00,0.00,0.00,100.00,0.00,0.00,0.00,0.00,0.00,0.00,0.00,100.00,100.00,0.00,0.00,0.00,0.00,0.00,0.00,0.00,0.00,0.00
SV,3,0.00,0.00,100.00,0.00,100.00,0.00,0.00,0.00,100.00,0.00,0.00,0.00,100.00,0.00,33.33,100.00,33.33,0.00,0.00,0.00,100.00,66.67,100.00,0.00,0.00,0.00,100.00,0.00,0.00,0.00,0.00,0.00,100.00,66.67,100.00,100.00,0.00,100.00,0.00,0.00,100.00,0.00,0.00,0.00,0.00,0.00,0.00,0.00,100.00,66.67,0.00,0.00,0.00,0.00,0.00,0.00,33.33,0.00,0.00
SY,18,0.00,0.00,94.44,0.00,88.89,0.00,0.00,0.00,94.44,0.00,0.00,0.00,100.00,0.00,94.44,5.56,22.22,0.00,0.00,0.00,0.00,0.00,88.89,0.00,0.00,0.00,5.56,0.00,0.00,0.00,0.00,0.00,88.89,94.44,94.44,88.89,0.00,11.11,0.00,94.44,94.44,0.00,0.00,0.00,0.00,0.00,0.00,0.00,100.00,94.44,0.00,0.00,0.00,0.00,0.00,0.00,5.56,0.00,0.00
SZ,6,0.00,16.67,83.33,0.00,100.00,16.67,0.00,16.67,83.33,16.67,16.67,16.67,100.00,16.67,16.67,100.00,83.33,16.67,16.67,0.00,100.00,66.67,100.00,0.00,0.00,0.00,100.00,16.67,0.00,16.67,16.67,0.00,100.00,83.33,100.00,100.00,0.00,16.67,16.67,0.00,100.00,16.67,0.00,0.00,0.00,16.67,16.67,16.67,100.00,66.67,0.00,0.00,0.00,16.67,16.67,16.67,0.00,16.67,16.67
TD,3,0.00,0.00,100.00,0.00,100.00,0.00,0.00,0.00,100.00,0.00,0.00,0.00,100.00,0.00,0.00,100.00,100.00,0.00,0.00,0.00,100.00,100.00,100.00,0.00,0.00,0.00,100.00,0.00,0.00,0.00,0.00,0.00,100.00,100.00,100.00,100.00,0.00,66.67,0.00,0.00,100.00,0.00,0.00,0.00,0.00,0.00,0.00,0.00,100.00,100.00,0.00,0.00,0.00,0.00,0.00,0.00,0.00,0.00,0.00
TG,8,0.00,0.00,25.00,0.00,12.50,0.00,0.00,0.00,25.00,0.00,0.00,0.00,100.00,0.00,12.50,12.50,25.00,0.00,0.00,0.00,25.00,12.50,25.00,0.00,0.00,0.00,12.50,0.00,0.00,0.00,0.00,0.00,12.50,25.00,25.00,25.00,0.00,12.50,0.00,0.00,25.00,0.00,0.00,0.00,0.00,0.00,0.00,0.00,100.00,12.50,0.00,0.00,0.00,0.00,0.00,0.00,0.00,0.00,0.00
TH,3,0.00,0.00,66.67,0.00,100.00,0.00,0.00,33.33,66.67,33.33,0.00,33.33,100.00,0.00,33.33,66.67,100.00,33.33,33.33,0.00,100.00,100.00,100.00,0.00,0.00,0.00,66.67,33.33,0.00,33.33,0.00,0.00,100.00,66.67,66.67,100.00,33.33,66.67,33.33,0.00,100.00,0.00,0.00,33.33,0.00,33.33,33.33,33.33,100.00,33.33,0.00,0.00,0.00,0.00,33.33,0.00,0.00,0.00,33.33
TJ,9,0.00,0.00,100.00,0.00,100.00,0.00,0.00,0.00,100.00,0.00,0.00,0.00,100.00,0.00,0.00,100.00,100.00,0.00,0.00,0.00,100.00,100.00,100.00,0.00,0.00,0.00,100.00,0.00,0.00,0.00,0.00,0.00,100.00,77.78,100.00,100.00,0.00,88.89,0.00,0.00,100.00,0.00,0.00,0.00,0.00,0.00,0.00,0.00,100.00,100.00,0.00,0.00,0.00,0.00,0.00,0.00,0.00,0.00,0.00
TM,2,0.00,0.00,100.00,0.00,100.00,0.00,0.00,0.00,100.00,0.00,0.00,0.00,100.00,0.00,0.00,100.00,100.00,0.00,0.00,0.00,100.00,100.00,100.00,0.00,0.00,0.00,100.00,0.00,0.00,0.00,0.00,0.00,100.00,100.00,100.00,100.00,0.00,100.00,0.00,0.00,100.00,0.00,0.00,0.00,0.00,0.00,0.00,0.00,100.00,0.00,0.00,0.00,0.00,0.00,0.00,0.00,0.00,0.00,0.00
TN,58,0.00,0.00,46.55,0.00,43.10,0.00,0.00,0.00,43.10,0.00,0.00,0.00,100.00,0.00,0.00,43.10,37.93,0.00,0.00,0.00,43.10,43.10,43.10,0.00,0.00,0.00,43.10,0.00,0.00,0.00,0.00,0.00,43.10,43.10,43.10,43.10,0.00,12.07,0.00,0.00,43.10,0.00,0.00,0.00,0.00,0.00,0.00,0.00,100.00,46.55,0.00,0.00,0.00,0.00,0.00,0.00,0.00,0.00,0.00
TR,260,0.00,1.15,87.31,0.00,90.00,0.00,1.92,4.62,87.31,1.54,0.00,4.62,100.00,0.00,1.92,90.38,88.08,4.62,4.62,0.77,93.85,91.15,94.62,0.00,0.00,0.00,90.38,6.92,2.31,5.00,4.23,4.23,90.00,87.31,91.54,94.62,0.00,34.62,4.62,0.38,89.23,3.08,0.00,0.38,0.00,1.54,4.62,4.23,100.00,58.08,1.54,3.08,0.00,0.38,4.62,3.08,0.00,4.23,5.00
TT,1,0.00,0.00,100.00,0.00,100.00,0.00,0.00,0.00,100.00,0.00,0.00,0.00,100.00,0.00,0.00,100.00,100.00,0.00,0.00,0.00,100.00,100.00,100.00,0.00,0.00,0.00,100.00,0.00,0.00,0.00,0.00,0.00,100.00,100.00,100.00,100.00,0.00,100.00,0.00,0.00,100.00,0.00,0.00,0.00,0.00,0.00,0.00,0.00,100.00,100.00,0.00,0.00,0.00,0.00,0.00,0.00,0.00,0.00,0.00
TW,1,0.00,100.00,0.00,0.00,100.00,100.00,100.00,100.00,0.00,100.00,100.00,100.00,100.00,100.00,100.00,100.00,100.00,100.00,100.00,0.00,100.00,100.00,100.00,0.00,0.00,0.00,100.00,100.00,0.00,100.00,100.00,100.00,100.00,0.00,100.00,100.00,100.00,0.00,100.00,0.00,100.00,0.00,0.00,100.00,0.00,100.00,100.00,100.00,100.00,0.00,100.00,100.00,0.00,0.00,100.00,0.00,0.00,100.00,100.00
TZ,5,0.00,0.00,60.00,0.00,100.00,0.00,0.00,40.00,60.00,40.00,0.00,20.00,100.00,0.00,40.00,80.00,100.00,40.00,40.00,0.00,100.00,100.00,100.00,0.00,0.00,0.00,80.00,40.00,0.00,20.00,0.00,20.00,100.00,60.00,80.00,100.00,20.00,0.00,20.00,0.00,100.00,0.00,20.00,20.00,0.00,20.00,0.00,20.00,100.00,60.00,0.00,0.00,0.00,0.00,0.00,0.00,0.00,0.00,40.00
UA,53,0.00,0.00,79.25,0.00,96.23,1.89,0.00,15.09,77.36,15.09,1.89,5.66,100.00,1.89,16.98,92.45,94.34,13.21,15.09,0.00,94.34,83.02,96.23,0.00,0.00,0.00,83.02,15.09,0.00,7.55,3.77,3.77,96.23,67.92,92.45,96.23,1.89,35.85,5.66,0.00,96.23,0.00,13.21,1.89,0.00,1.89,3.77,0.00,100.00,41.51,3.77,1.89,0.00,0.00,3.77,0.00,0.00,3.77,16.98
UG,4,0.00,0.00,50.00,0.00,100.00,25.00,50.00,50.00,50.00,50.00,25.00,25.00,100.00,25.00,50.00,75.00,100.00,50.00,50.00,0.00,100.00,100.00,100.00,0.00,0.00,0.00,75.00,50.00,0.00,50.00,25.00,25.00,100.00,50.00,75.00,100.00,50.00,25.00,50.00,0.00,100.00,0.00,25.00,50.00,0.00,50.00,25.00,25.00,100.00,25.00,25.00,50.00,0.00,0.00,25.00,0.00,0.00,25.00,50.00
UK,96395,0.00,14.21,0.00,2.71,98.15,23.41,47.48,98.80,0.01,96.29,19.63,68.33,100.00,23.93,92.25,21.37,94.67,90.38,99.74,24.54,99.96,92.45,99.96,2.91,2.52,0.01,20.58,99.96,0.00,99.90,55.89,74.77,98.15,0.00,43.16,99.96,15.08,0.00,91.16,0.00,85.13,5.86,62.30,51.07,0.04,53.02,51.86,63.12,100.00,0.00,16.91,50.18,0.00,22.14,60.37,5.61,0.00,56.63,99.95
US,13,0.00,15.38,0.00,7.69,53.85,38.46,30.77,84.62,0.00,76.92,30.77,84.62,100.00,38.46,38.46,30.77,38.46,84.62,84.62,23.08,84.62,84.62,100.00,0.00,7.69,0.00,30.77,84.62,0.00,100.00,38.46,69.23,53.85,0.00,46.15,100.00,46.15,0.00,46.15,0.00,38.46,23.08,38.46,84.62,0.00,46.15,15.38,84.62,100.00,0.00,23.08,38.46,0.00,7.69,38.46,23.08,0.00,38.46,100.00
UY,13,0.00,0.00,100.00,0.00,100.00,0.00,0.00,0.00,100.00,0.00,0.00,0.00,100.00,0.00,0.00,100.00,100.00,0.00,0.00,0.00,100.00,100.00,100.00,0.00,0.00,0.00,100.00,0.00,0.00,0.00,0.00,0.00,100.00,100.00,100.00,100.00,0.00,15.38,0.00,0.00,100.00,0.00,0.00,0.00,0.00,0.00,0.00,0.00,100.00,84.62,0.00,0.00,0.00,0.00,0.00,0.00,0.00,0.00,0.00
UZ,1,0.00,0.00,100.00,0.00,100.00,0.00,0.00,0.00,100.00,0.00,0.00,0.00,100.00,0.00,0.00,100.00,100.00,0.00,0.00,0.00,100.00,100.00,100.00,0.00,0.00,0.00,100.00,0.00,0.00,0.00,0.00,0.00,100.00,100.00,100.00,100.00,0.00,100.00,0.00,0.00,100.00,0.00,0.00,0.00,0.00,0.00,0.00,0.00,100.00,0.00,0.00,0.00,0.00,0.00,0.00,0.00,0.00,0.00,0.00
VC,11,0.00,0.00,100.00,0.00,100.00,0.00,0.00,0.00,100.00,0.00,0.00,0.00,100.00,0.00,0.00,100.00,100.00,0.00,0.00,0.00,100.00,45.45,100.00,0.00,0.00,0.00,100.00,0.00,0.00,0.00,0.00,0.00,100.00,100.00,100.00,100.00,0.00,9.09,0.00,0.00,100.00,0.00,0.00,0.00,0.00,0.00,0.00,0.00,100.00,90.91,0.00,0.00,0.00,0.00,0.00,0.00,0.00,0.00,0.00
VN,12,0.00,0.00,91.67,0.00,91.67,0.00,0.00,8.33,91.67,8.33,0.00,8.33,100.00,0.00,0.00,91.67,91.67,8.33,8.33,0.00,100.00,100.00,100.00,0.00,0.00,0.00,91.67,8.33,0.00,8.33,0.00,0.00,91.67,83.33,91.67,100.00,0.00,41.67,8.33,0.00,91.67,0.00,0.00,0.00,0.00,0.00,0.00,0.00,100.00,66.67,0.00,0.00,0.00,0.00,0.00,0.00,0.00,0.00,8.33
YE,1,0.00,0.00,100.00,0.00,100.00,0.00,0.00,0.00,100.00,0.00,0.00,0.00,100.00,0.00,100.00,0.00,0.00,0.00,0.00,0.00,0.00,0.00,100.00,0.00,0.00,0.00,0.00,0.00,0.00,0.00,0.00,0.00,100.00,100.00,100.00,100.00,0.00,0.00,0.00,100.00,100.00,0.00,0.00,0.00,0.00,0.00,0.00,0.00,100.00,100.00,0.00,0.00,0.00,0.00,0.00,0.00,0.00,0.00,0.00
YT,5,0.00,0.00,0.00,0.00,100.00,0.00,0.00,0.00,0.00,0.00,0.00,0.00,100.00,0.00,0.00,100.00,100.00,0.00,0.00,0.00,0.00,0.00,100.00,0.00,0.00,0.00,100.00,0.00,0.00,100.00,0.00,0.00,100.00,0.00,100.00,100.00,0.00,0.00,0.00,0.00,0.00,0.00,0.00,0.00,0.00,0.00,0.00,0.00,100.00,0.00,100.00,0.00,0.00,0.00,0.00,0.00,0.00,0.00,100.00
ZA,5,0.00,0.00,40.00,0.00,100.00,0.00,20.00,60.00,40.00,60.00,0.00,40.00,100.00,0.00,60.00,60.00,100.00,60.00,60.00,0.00,100.00,80.00,100.00,0.00,0.00,0.00,60.00,60.00,0.00,40.00,20.00,40.00,100.00,20.00,60.00,100.00,20.00,40.00,40.00,0.00,80.00,0.00,20.00,20.00,0.00,40.00,0.00,40.00,100.00,20.00,0.00,20.00,0.00,0.00,20.00,0.00,0.00,20.00,60.00
ZM,9,0.00,33.33,66.67,0.00,100.00,0.00,0.00,33.33,66.67,33.33,0.00,33.33,100.00,0.00,33.33,66.67,100.00,33.33,33.33,0.00,100.00,100.00,100.00,0.00,0.00,0.00,66.67,33.33,0.00,33.33,0.00,33.33,100.00,66.67,100.00,100.00,33.33,44.44,33.33,0.00,100.00,0.00,33.33,33.33,0.00,33.33,0.00,33.33,100.00,66.67,33.33,0.00,0.00,0.00,0.00,0.00,0.00,0.00,33.33
ZW,2,0.00,50.00,50.00,0.00,100.00,0.00,50.00,0.00,50.00,50.00,0.00,50.00,100.00,0.00,50.00,100.00,100.00,0.00,50.00,0.00,100.00,100.00,100.00,0.00,0.00,0.00,100.00,50.00,0.00,50.00,50.00,50.00,100.00,50.00,100.00,100.00,0.00,50.00,50.00,0.00,100.00,0.00,0.00,0.00,0.00,50.00,50.00,50.00,100.00,50.00,50.00,0.00,0.00,0.00,50.00,0.00,0.00,50.00,50.00
