Country,Total Records,authority_name,authority_type_id,authority_type_name,award_criteria_id,award_criteria_name,bid_type_id,bid_type_name,comment_deadline,contract_id,contract_name,country,date,deadline,directive,document_id,document_name,document_number,document_sent,heading,id,identifier,nuts_code,oj,oj_uc,original_language,place,procedure_id,procedure_name,publication_date,regulation_id,regulation_name,signature,source_tender,title,title_uc,uri,url,year
AF,75,100.00,100.00,100.00,100.00,100.00,100.00,100.00,4.00,100.00,100.00,100.00,100.00,52.00,6.67,100.00,100.00,100.00,100.00,100.00,100.00,100.00,2.67,100.00,100.00,100.00,100.00,100.00,100.00,100.00,100.00,100.00,100.00,100.00,100.00,100.00,100.00,8.00,100.00
AG,1,100.00,100.00,100.00,100.00,100.00,100.00,100.00,0.00,100.00,100.00,100.00,100.00,0.00,0.00,100.00,100.00,100.00,100.00,100.00,100.00,100.00,0.00,100.00,100.00,100.00,100.00,100.00,100.00,100.00,100.00,100.00,100.00,100.00,100.00,100.00,100.00,0.00,100.00
AL,280,100.00,100.00,100.00,100.00,100.00,100.00,100.00,0.00,100.00,100.00,100.00,100.00,50.36,0.36,100.00,100.00,100.00,100.00,100.00,100.00,100.00,0.00,100.00,100.00,100.00,100.00,100.00,100.00,100.00,100.00,100.00,100.00,100.00,100.00,100.00,100.00,0.36,100.00
AM,77,100.00,100.00,100.00,100.00,100.00,100.00,100.00,0.00,100.00,100.00,100.00,100.00,57.14,0.00,100.00,100.00,100.00,100.00,100.00,100.00,100.00,0.00,100.00,100.00,100.00,100.00,100.00,100.00,100.00,100.00,100.00,100.00,100.00,100.00,100.00,100.00,0.00,100.00
AN,23,100.00,100.00,100.00,100.00,100.00,100.00,100.00,0.00,100.00,100.00,100.00,100.00,39.13,4.35,100.00,100.00,100.00,100.00,100.00,100.00,100.00,0.00,100.00,100.00,100.00,100.00,100.00,100.00,100.00,100.00,100.00,100.00,100.00,100.00,100.00,100.00,17.39,100.00
AO,25,100.00,100.00,100.00,100.00,100.00,100.00,100.00,0.00,100.00,100.00,100.00,100.00,60.00,0.00,100.00,100.00,100.00,100.00,100.00,100.00,100.00,0.00,100.00,100.00,100.00,100.00,100.00,100.00,100.00,100.00,100.00,100.00,100.00,100.00,100.00,100.00,0.00,100.00
AR,124,100.00,100.00,100.00,100.00,100.00,100.00,100.00,0.81,100.00,100.00,100.00,100.00,47.58,1.61,100.00,100.00,100.00,100.00,100.00,100.00,100.00,0.00,100.00,100.00,100.00,100.00,100.00,100.00,100.00,100.00,100.00,100.00,100.00,100.00,100.00,100.00,2.42,100.00
AT,30142,100.00,100.00,100.00,100.00,100.00,100.00,100.00,45.05,100.00,100.00,100.00,100.00,52.24,34.38,100.00,100.00,100.00,100.00,100.00,100.00,100.00,89.02,100.00,100.00,100.00,100.00,100.00,100.00,100.00,100.00,100.00,100.00,100.00,100.00,100.00,100.00,56.94,100.00
AU,2,100.00,100.00,100.00,100.00,100.00,100.00,100.00,0.00,100.00,100.00,100.00,100.00,100.00,0.00,100.00,100.00,100.00,100.00,100.00,100.00,100.00,0.00,100.00,100.00,100.00,100.00,100.00,100.00,100.00,100.00,100.00,100.00,100.00,100.00,100.00,100.00,0.00,100.00
AW,7,100.00,100.00,100.00,100.00,100.00,100.00,100.00,14.29,100.00,100.00,100.00,100.00,71.43,0.00,100.00,100.00,100.00,100.00,100.00,100.00,100.00,0.00,100.00,100.00,100.00,100.00,100.00,100.00,100.00,100.00,100.00,100.00,100.00,100.00,100.00,100.00,14.29,100.00
AX,1,100.00,100.00,100.00,100.00,100.00,100.00,100.00,0.00,100.00,100.00,100.00,100.00,100.00,0.00,100.00,100.00,100.00,100.00,100.00,100.00,100.00,100.00,100.00,100.00,100.00,100.00,100.00,100.00,100.00,100.00,100.00,100.00,100.00,100.00,100.00,100.00,100.00,100.00
AZ,12,100.00,100.00,100.00,100.00,100.00,100.00,100.00,0.00,100.00,100.00,100.00,100.00,41.67,0.00,100.00,100.00,100.00,100.00,100.00,100.00,100.00,0.00,100.00,100.00,100.00,100.00,100.00,100.00,100.00,100.00,100.00,100.00,100.00,100.00,100.00,100.00,0.00,100.00
BA,568,99.12,100.00,100.00,100.00,100.00,100.00,100.00,0.70,100.00,100.00,100.00,100.00,56.87,1.58,100.00,100.00,100.00,100.00,100.00,100.00,100.00,0.53,100.00,100.00,100.00,100.00,100.00,100.00,100.00,100.00,100.00,100.00,100.00,100.00,100.00,100.00,1.76,100.00
BB,9,100.00,100.00,100.00,100.00,100.00,100.00,100.00,0.00,100.00,100.00,100.00,100.00,55.56,0.00,100.00,100.00,100.00,100.00,100.00,100.00,100.00,0.00,100.00,100.00,100.00,100.00,100.00,100.00,100.00,100.00,100.00,100.00,100.00,100.00,100.00,100.00,0.00,100.00
BD,61,100.00,100.00,100.00,100.00,100.00,100.00,100.00,3.28,100.00,100.00,100.00,100.00,54.10,11.48,100.00,100.00,100.00,100.00,100.00,100.00,100.00,4.92,100.00,100.00,100.00,100.00,100.00,100.00,100.00,100.00,100.00,100.00,100.00,100.00,100.00,100.00,24.59,100.00
BE,50258,100.00,100.00,100.00,100.00,100.00,100.00,100.00,37.46,100.00,100.00,100.00,100.00,60.65,31.06,100.00,100.00,100.00,100.00,100.00,100.00,100.00,71.80,100.00,100.00,100.00,99.97,100.00,100.00,100.00,100.00,100.00,100.00,100.00,100.00,100.00,100.00,44.65,100.00
BF,61,100.00,100.00,100.00,100.00,100.00,100.00,100.00,0.00,100.00,100.00,100.00,100.00,59.02,1.64,100.00,100.00,100.00,100.00,100.00,100.00,100.00,0.00,100.00,100.00,100.00,100.00,100.00,100.00,100.00,100.00,100.00,100.00,100.00,100.00,100.00,100.00,11.48,100.00
BG,26592,100.00,100.00,100.00,100.00,100.00,100.00,100.00,35.04,100.00,100.00,100.00,100.00,36.33,45.46,100.00,100.00,100.00,100.00,100.00,100.00,100.00,91.53,100.00,100.00,100.00,100.00,100.00,100.00,100.00,100.00,100.00,100.00,100.00,100.00,100.00,100.00,64.94,100.00
BI,100,99.00,100.00,100.00,100.00,100.00,100.00,100.00,6.00,100.00,100.00,100.00,100.00,64.00,2.00,100.00,100.00,100.00,100.00,100.00,100.00,100.00,3.00,100.00,100.00,100.00,100.00,100.00,100.00,100.00,100.00,100.00,100.00,100.00,100.00,100.00,100.00,5.00,100.00
BJ,72,100.00,100.00,100.00,100.00,100.00,100.00,100.00,4.17,100.00,100.00,100.00,100.00,69.44,6.94,100.00,100.00,100.00,100.00,100.00,100.00,100.00,1.39,100.00,100.00,100.00,100.00,100.00,100.00,100.00,100.00,100.00,100.00,100.00,100.00,100.00,100.00,15.28,100.00
BO,38,100.00,100.00,100.00,100.00,100.00,100.00,100.00,0.00,100.00,100.00,100.00,100.00,60.53,5.26,100.00,100.00,100.00,100.00,100.00,100.00,100.00,5.26,100.00,100.00,100.00,100.00,100.00,100.00,100.00,100.00,100.00,100.00,100.00,100.00,100.00,100.00,5.26,100.00
BR,34,97.06,100.00,100.00,100.00,100.00,100.00,100.00,2.94,100.00,100.00,100.00,100.00,38.24,0.00,100.00,100.00,100.00,100.00,100.00,100.00,100.00,2.94,100.00,100.00,100.00,100.00,100.00,100.00,100.00,100.00,100.00,100.00,100.00,100.00,100.00,100.00,2.94,100.00
BS,1,100.00,100.00,100.00,100.00,100.00,100.00,100.00,0.00,100.00,100.00,100.00,100.00,100.00,0.00,100.00,100.00,100.00,100.00,100.00,100.00,100.00,0.00,100.00,100.00,100.00,100.00,100.00,100.00,100.00,100.00,100.00,100.00,100.00,100.00,100.00,100.00,0.00,100.00
BW,23,100.00,100.00,100.00,100.00,100.00,100.00,100.00,0.00,100.00,100.00,100.00,100.00,73.91,8.70,100.00,100.00,100.00,100.00,100.00,100.00,100.00,0.00,100.00,100.00,100.00,100.00,100.00,100.00,100.00,100.00,100.00,100.00,100.00,100.00,100.00,100.00,4.35,100.00
BY,78,100.00,100.00,100.00,100.00,100.00,100.00,100.00,1.28,100.00,100.00,100.00,100.00,51.28,25.64,100.00,100.00,100.00,100.00,100.00,100.00,100.00,0.00,100.00,100.00,100.00,100.00,100.00,100.00,100.00,100.00,100.00,100.00,100.00,100.00,100.00,100.00,24.36,100.00
BZ,40,100.00,100.00,100.00,100.00,100.00,100.00,100.00,0.00,100.00,100.00,100.00,100.00,52.50,0.00,100.00,100.00,100.00,100.00,100.00,100.00,100.00,0.00,100.00,100.00,100.00,100.00,100.00,100.00,100.00,100.00,100.00,100.00,100.00,100.00,100.00,100.00,0.00,100.00
CA,2,100.00,100.00,100.00,100.00,100.00,100.00,100.00,0.00,100.00,100.00,100.00,100.00,50.00,0.00,100.00,100.00,100.00,100.00,100.00,100.00,100.00,0.00,100.00,100.00,100.00,100.00,100.00,100.00,100.00,100.00,100.00,100.00,100.00,100.00,100.00,100.00,50.00,100.00
CD,182,100.00,100.00,100.00,100.00,100.00,100.00,100.00,1.10,100.00,100.00,100.00,100.00,62.64,8.24,100.00,100.00,100.00,100.00,100.00,100.00,100.00,5.49,100.00,100.00,100.00,100.00,100.00,100.00,100.00,100.00,100.00,100.00,100.00,100.00,100.00,100.00,7.69,100.00
CF,26,100.00,100.00,100.00,100.00,100.00,100.00,100.00,0.00,100.00,100.00,100.00,100.00,61.54,7.69,100.00,100.00,100.00,100.00,100.00,100.00,100.00,0.00,100.00,100.00,100.00,100.00,100.00,100.00,100.00,100.00,100.00,100.00,100.00,100.00,100.00,100.00,3.85,100.00
CG,66,100.00,100.00,100.00,100.00,100.00,100.00,100.00,0.00,100.00,100.00,100.00,100.00,60.61,0.00,100.00,100.00,100.00,100.00,100.00,100.00,100.00,0.00,100.00,100.00,100.00,100.00,100.00,100.00,100.00,100.00,100.00,100.00,100.00,100.00,100.00,100.00,0.00,100.00
CH,10155,100.00,100.00,100.00,100.00,100.00,100.00,100.00,14.07,100.00,100.00,100.00,100.00,51.48,42.03,100.00,100.00,100.00,100.00,100.00,100.00,100.00,0.20,100.00,100.00,100.00,100.00,100.00,100.00,100.00,100.00,100.00,100.00,100.00,100.00,100.00,100.00,36.61,100.00
CI,82,100.00,100.00,100.00,100.00,100.00,100.00,100.00,0.00,100.00,100.00,100.00,100.00,57.32,1.22,100.00,100.00,100.00,100.00,100.00,100.00,100.00,0.00,100.00,100.00,100.00,100.00,100.00,100.00,100.00,100.00,100.00,100.00,100.00,100.00,100.00,100.00,3.66,100.00
CM,74,100.00,100.00,100.00,100.00,100.00,100.00,100.00,1.35,100.00,100.00,100.00,100.00,60.81,1.35,100.00,100.00,100.00,100.00,100.00,100.00,100.00,0.00,100.00,100.00,100.00,100.00,100.00,100.00,100.00,100.00,100.00,100.00,100.00,100.00,100.00,100.00,1.35,100.00
CN,73,100.00,100.00,100.00,100.00,100.00,100.00,100.00,5.48,100.00,100.00,100.00,100.00,69.86,5.48,100.00,100.00,100.00,100.00,100.00,100.00,100.00,2.74,100.00,100.00,100.00,100.00,100.00,100.00,100.00,100.00,100.00,100.00,100.00,100.00,100.00,100.00,9.59,100.00
CO,82,100.00,100.00,100.00,100.00,100.00,100.00,100.00,1.22,100.00,100.00,100.00,100.00,48.78,1.22,100.00,100.00,100.00,100.00,100.00,100.00,100.00,0.00,100.00,100.00,100.00,100.00,100.00,100.00,100.00,100.00,100.00,100.00,100.00,100.00,100.00,100.00,2.44,100.00
CR,35,100.00,100.00,100.00,100.00,100.00,100.00,100.00,0.00,100.00,100.00,100.00,100.00,25.71,0.00,100.00,100.00,100.00,100.00,100.00,100.00,100.00,0.00,100.00,100.00,100.00,100.00,100.00,100.00,100.00,100.00,100.00,100.00,100.00,100.00,100.00,100.00,0.00,100.00
CU,1,100.00,100.00,100.00,100.00,100.00,100.00,100.00,100.00,100.00,100.00,100.00,100.00,100.00,0.00,100.00,100.00,100.00,100.00,100.00,100.00,100.00,0.00,100.00,100.00,100.00,100.00,100.00,100.00,100.00,100.00,100.00,100.00,100.00,100.00,100.00,100.00,0.00,100.00
CV,9,100.00,100.00,100.00,100.00,100.00,100.00,100.00,0.00,100.00,100.00,100.00,100.00,77.78,0.00,100.00,100.00,100.00,100.00,100.00,100.00,100.00,0.00,100.00,100.00,100.00,100.00,100.00,100.00,100.00,100.00,100.00,100.00,100.00,100.00,100.00,100.00,0.00,100.00
CY,4619,100.00,100.00,100.00,100.00,100.00,100.00,100.00,38.43,100.00,100.00,100.00,100.00,61.23,28.56,100.00,100.00,100.00,100.00,100.00,100.00,100.00,93.72,100.00,100.00,100.00,100.00,100.00,100.00,100.00,100.00,100.00,100.00,100.00,100.00,100.00,100.00,53.67,100.00
CZ,49233,100.00,100.00,100.00,100.00,100.00,100.00,100.00,30.61,100.00,100.00,100.00,100.00,47.85,43.36,100.00,100.00,100.00,100.00,100.00,100.00,100.00,88.17,100.00,100.00,100.00,100.00,100.00,100.00,100.00,100.00,100.00,100.00,100.00,100.00,100.00,100.00,63.76,100.00
DE,204628,100.00,100.00,100.00,100.00,100.00,100.00,100.00,37.79,100.00,100.00,100.00,100.00,53.19,35.74,100.00,100.00,100.00,100.00,100.00,100.00,100.00,78.55,100.00,100.00,100.00,100.00,100.00,100.00,100.00,100.00,100.00,100.00,100.00,100.00,100.00,100.00,64.64,100.00
DJ,44,100.00,100.00,100.00,100.00,100.00,100.00,100.00,0.00,100.00,100.00,100.00,100.00,70.45,2.27,100.00,100.00,100.00,100.00,100.00,100.00,100.00,2.27,100.00,100.00,100.00,100.00,100.00,100.00,100.00,100.00,100.00,100.00,100.00,100.00,100.00,100.00,0.00,100.00
DK,24593,99.99,100.00,100.00,100.00,100.00,100.00,100.00,16.59,100.00,100.00,100.00,100.00,57.18,38.04,100.00,100.00,100.00,100.00,100.00,100.00,100.00,81.93,100.00,100.00,100.00,100.00,100.00,100.00,100.00,100.00,100.00,100.00,100.00,100.00,100.00,100.00,72.21,100.00
DM,14,100.00,100.00,100.00,100.00,100.00,100.00,100.00,0.00,100.00,100.00,100.00,100.00,64.29,0.00,100.00,100.00,100.00,100.00,100.00,100.00,100.00,0.00,100.00,100.00,100.00,100.00,100.00,100.00,100.00,100.00,100.00,100.00,100.00,100.00,100.00,100.00,0.00,100.00
DO,14,100.00,100.00,100.00,100.00,100.00,100.00,100.00,0.00,100.00,100.00,100.00,100.00,71.43,0.00,100.00,100.00,100.00,100.00,100.00,100.00,100.00,0.00,100.00,100.00,100.00,100.00,100.00,100.00,100.00,100.00,100.00,100.00,100.00,100.00,100.00,100.00,7.14,100.00
DZ,132,100.00,100.00,100.00,100.00,100.00,100.00,100.00,1.52,100.00,100.00,100.00,100.00,48.48,0.76,100.00,100.00,100.00,100.00,100.00,100.00,100.00,0.00,100.00,100.00,100.00,100.00,100.00,100.00,100.00,100.00,100.00,100.00,100.00,100.00,100.00,100.00,1.52,100.00
EC,4,100.00,100.00,100.00,100.00,100.00,100.00,100.00,0.00,100.00,100.00,100.00,100.00,75.00,0.00,100.00,100.00,100.00,100.00,100.00,100.00,100.00,0.00,100.00,100.00,100.00,100.00,100.00,100.00,100.00,100.00,100.00,100.00,100.00,100.00,100.00,100.00,0.00,100.00
EE,10349,100.00,100.00,100.00,100.00,100.00,100.00,100.00,46.57,100.00,100.00,100.00,100.00,49.72,34.85,100.00,100.00,100.00,100.00,100.00,100.00,100.00,99.28,100.00,100.00,100.00,100.00,100.00,100.00,100.00,100.00,100.00,100.00,100.00,100.00,100.00,100.00,49.03,100.00
EG,124,100.00,100.00,100.00,100.00,100.00,100.00,100.00,0.81,100.00,100.00,100.00,100.00,64.52,0.00,100.00,100.00,100.00,100.00,100.00,100.00,100.00,0.00,100.00,100.00,100.00,100.00,100.00,100.00,100.00,100.00,100.00,100.00,100.00,100.00,100.00,100.00,0.00,100.00
ER,21,100.00,100.00,100.00,100.00,100.00,100.00,100.00,0.00,100.00,100.00,100.00,100.00,57.14,9.52,100.00,100.00,100.00,100.00,100.00,100.00,100.00,0.00,100.00,100.00,100.00,100.00,100.00,100.00,100.00,100.00,100.00,100.00,100.00,100.00,100.00,100.00,9.52,100.00
ES,101719,100.00,100.00,100.00,100.00,100.00,100.00,100.00,33.40,100.00,100.00,100.00,100.00,48.49,27.97,100.00,100.00,100.00,100.00,100.00,100.00,100.00,55.01,100.00,100.00,100.00,100.00,100.00,100.00,100.00,100.00,100.00,100.00,100.00,100.00,100.00,100.00,76.40,100.00
ET,127,100.00,100.00,100.00,100.00,100.00,100.00,100.00,2.36,100.00,100.00,100.00,100.00,59.84,0.79,100.00,100.00,100.00,100.00,100.00,100.00,100.00,3.94,100.00,100.00,100.00,100.00,100.00,100.00,100.00,100.00,100.00,100.00,100.00,100.00,100.00,100.00,2.36,100.00
FI,29932,100.00,100.00,100.00,100.00,100.00,100.00,100.00,6.16,100.00,100.00,100.00,100.00,51.67,37.33,100.00,100.00,100.00,100.00,100.00,100.00,100.00,68.41,100.00,100.00,100.00,100.00,100.00,100.00,100.00,100.00,100.00,100.00,100.00,100.00,100.00,100.00,42.03,100.00
FJ,7,100.00,100.00,100.00,100.00,100.00,100.00,100.00,0.00,100.00,100.00,100.00,100.00,71.43,0.00,100.00,100.00,100.00,100.00,100.00,100.00,100.00,0.00,100.00,100.00,100.00,100.00,100.00,100.00,100.00,100.00,100.00,100.00,100.00,100.00,100.00,100.00,0.00,100.00
FM,3,100.00,100.00,100.00,100.00,100.00,100.00,100.00,0.00,100.00,100.00,100.00,100.00,66.67,0.00,100.00,100.00,100.00,100.00,100.00,100.00,100.00,0.00,100.00,100.00,100.00,100.00,100.00,100.00,100.00,100.00,100.00,100.00,100.00,100.00,100.00,100.00,0.00,100.00
FR,427546,99.92,100.00,100.00,100.00,100.00,100.00,100.00,12.34,100.00,100.00,100.00,100.00,53.94,34.99,100.00,100.00,100.00,100.00,100.00,100.00,100.00,60.77,100.00,100.00,100.00,100.00,100.00,100.00,100.00,100.00,100.00,100.00,100.00,100.00,100.00,100.00,45.38,100.00
GA,12,100.00,100.00,100.00,100.00,100.00,100.00,100.00,8.33,100.00,100.00,100.00,100.00,33.33,8.33,100.00,100.00,100.00,100.00,100.00,100.00,100.00,0.00,100.00,100.00,100.00,100.00,100.00,100.00,100.00,100.00,100.00,100.00,100.00,100.00,100.00,100.00,8.33,100.00
GB,30516,100.00,100.00,100.00,100.00,100.00,100.00,100.00,22.98,100.00,100.00,100.00,100.00,58.35,0.00,100.00,100.00,100.00,100.00,100.00,100.00,100.00,80.23,100.00,100.00,100.00,100.00,100.00,100.00,100.00,100.00,100.00,100.00,100.00,100.00,100.00,100.00,60.25,100.00
GD,3,100.00,100.00,100.00,100.00,100.00,100.00,100.00,0.00,100.00,100.00,100.00,100.00,33.33,0.00,100.00,100.00,100.00,100.00,100.00,100.00,100.00,0.00,100.00,100.00,100.00,100.00,100.00,100.00,100.00,100.00,100.00,100.00,100.00,100.00,100.00,100.00,0.00,100.00
GE,199,100.00,100.00,100.00,100.00,100.00,100.00,100.00,0.50,100.00,100.00,100.00,100.00,64.32,0.00,100.00,100.00,100.00,100.00,100.00,100.00,100.00,0.00,100.00,100.00,100.00,100.00,100.00,100.00,100.00,100.00,100.00,100.00,100.00,100.00,100.00,100.00,0.50,100.00
GH,65,100.00,100.00,100.00,100.00,100.00,100.00,100.00,3.08,100.00,100.00,100.00,100.00,53.85,1.54,100.00,100.00,100.00,100.00,100.00,100.00,100.00,0.00,100.00,100.00,100.00,100.00,100.00,100.00,100.00,100.00,100.00,100.00,100.00,100.00,100.00,100.00,4.62,100.00
GI,61,100.00,100.00,100.00,100.00,100.00,100.00,100.00,29.51,100.00,100.00,100.00,100.00,62.30,37.70,100.00,100.00,100.00,100.00,100.00,100.00,100.00,11.48,100.00,100.00,100.00,100.00,100.00,100.00,100.00,100.00,100.00,100.00,100.00,100.00,100.00,100.00,42.62,100.00
GM,19,100.00,100.00,100.00,100.00,100.00,100.00,100.00,0.00,100.00,100.00,100.00,100.00,63.16,0.00,100.00,100.00,100.00,100.00,100.00,100.00,100.00,0.00,100.00,100.00,100.00,100.00,100.00,100.00,100.00,100.00,100.00,100.00,100.00,100.00,100.00,100.00,0.00,100.00
GN,20,100.00,100.00,100.00,100.00,100.00,100.00,100.00,0.00,100.00,100.00,100.00,100.00,45.00,5.00,100.00,100.00,100.00,100.00,100.00,100.00,100.00,0.00,100.00,100.00,100.00,100.00,100.00,100.00,100.00,100.00,100.00,100.00,100.00,100.00,100.00,100.00,5.00,100.00
GR,23618,99.98,100.00,100.00,100.00,100.00,100.00,100.00,44.51,100.00,100.00,100.00,100.00,69.78,30.16,100.00,100.00,100.00,100.00,100.00,100.00,100.00,64.10,100.00,100.00,100.00,100.00,100.00,100.00,100.00,100.00,100.00,100.00,100.00,100.00,100.00,100.00,62.50,100.00
GT,59,100.00,100.00,100.00,100.00,100.00,100.00,100.00,1.69,100.00,100.00,100.00,100.00,66.10,0.00,100.00,100.00,100.00,100.00,100.00,100.00,100.00,0.00,100.00,100.00,100.00,100.00,100.00,100.00,100.00,100.00,100.00,100.00,100.00,100.00,100.00,100.00,0.00,100.00
GW,5,100.00,100.00,100.00,100.00,100.00,100.00,100.00,0.00,100.00,100.00,100.00,100.00,40.00,20.00,100.00,100.00,100.00,100.00,100.00,100.00,100.00,0.00,100.00,100.00,100.00,100.00,100.00,100.00,100.00,100.00,100.00,100.00,100.00,100.00,100.00,100.00,0.00,100.00
GY,51,100.00,100.00,100.00,100.00,100.00,100.00,100.00,0.00,100.00,100.00,100.00,100.00,50.98,0.00,100.00,100.00,100.00,100.00,100.00,100.00,100.00,0.00,100.00,100.00,100.00,100.00,100.00,100.00,100.00,100.00,100.00,100.00,100.00,100.00,100.00,100.00,0.00,100.00
HN,55,100.00,100.00,100.00,100.00,100.00,100.00,100.00,1.82,100.00,100.00,100.00,100.00,63.64,0.00,100.00,100.00,100.00,100.00,100.00,100.00,100.00,0.00,100.00,100.00,100.00,100.00,100.00,100.00,100.00,100.00,100.00,100.00,100.00,100.00,100.00,100.00,0.00,100.00
HR,808,100.00,100.00,100.00,100.00,100.00,100.00,100.00,0.87,100.00,100.00,100.00,100.00,58.29,0.99,100.00,100.00,100.00,100.00,100.00,100.00,100.00,1.98,100.00,100.00,100.00,100.00,100.00,100.00,100.00,100.00,100.00,100.00,100.00,100.00,100.00,100.00,1.73,100.00
HT,25,100.00,100.00,100.00,100.00,100.00,100.00,100.00,4.00,100.00,100.00,100.00,100.00,44.00,4.00,100.00,100.00,100.00,100.00,100.00,100.00,100.00,4.00,100.00,100.00,100.00,100.00,100.00,100.00,100.00,100.00,100.00,100.00,100.00,100.00,100.00,100.00,8.00,100.00
HU,25595,100.00,100.00,100.00,100.00,100.00,100.00,100.00,57.19,100.00,100.00,100.00,100.00,58.56,25.96,100.00,100.00,100.00,100.00,100.00,100.00,100.00,98.70,100.00,100.00,100.00,100.00,100.00,100.00,100.00,100.00,100.00,100.00,100.00,100.00,100.00,100.00,53.43,100.00
ID,35,100.00,100.00,100.00,100.00,100.00,100.00,100.00,8.57,100.00,100.00,100.00,100.00,60.00,2.86,100.00,100.00,100.00,100.00,100.00,100.00,100.00,2.86,100.00,100.00,100.00,100.00,100.00,100.00,100.00,100.00,100.00,100.00,100.00,100.00,100.00,100.00,17.14,100.00
IE,11291,100.00,100.00,100.00,100.00,100.00,100.00,100.00,18.33,100.00,100.00,100.00,100.00,60.47,31.98,100.00,100.00,100.00,100.00,100.00,100.00,100.00,94.65,100.00,100.00,100.00,100.00,100.00,100.00,100.00,100.00,100.00,100.00,100.00,100.00,100.00,100.00,75.94,100.00
IL,27,100.00,100.00,100.00,100.00,100.00,100.00,100.00,14.81,100.00,100.00,100.00,100.00,85.19,14.81,100.00,100.00,100.00,100.00,100.00,100.00,100.00,3.70,100.00,100.00,100.00,100.00,100.00,100.00,100.00,100.00,100.00,100.00,100.00,100.00,100.00,100.00,18.52,100.00
IN,92,100.00,100.00,100.00,100.00,100.00,100.00,100.00,3.26,100.00,100.00,100.00,100.00,60.87,50.00,100.00,100.00,100.00,100.00,100.00,100.00,100.00,52.17,100.00,100.00,100.00,100.00,100.00,100.00,100.00,100.00,100.00,100.00,100.00,100.00,100.00,100.00,59.78,100.00
IQ,23,100.00,100.00,100.00,100.00,100.00,100.00,100.00,0.00,100.00,100.00,100.00,100.00,39.13,4.35,100.00,100.00,100.00,100.00,100.00,100.00,100.00,0.00,100.00,100.00,100.00,100.00,100.00,100.00,100.00,100.00,100.00,100.00,100.00,100.00,100.00,100.00,4.35,100.00
IS,926,100.00,100.00,100.00,100.00,100.00,100.00,100.00,34.88,100.00,100.00,100.00,100.00,59.18,36.83,100.00,100.00,100.00,100.00,100.00,100.00,100.00,40.50,100.00,100.00,100.00,100.00,100.00,100.00,100.00,100.00,100.00,100.00,100.00,100.00,100.00,100.00,86.50,100.00
IT,91567,100.00,100.00,100.00,100.00,100.00,100.00,100.00,23.32,100.00,100.00,100.00,100.00,55.50,31.16,100.00,100.00,100.00,100.00,100.00,100.00,100.00,62.58,100.00,100.00,100.00,100.00,100.00,100.00,100.00,100.00,100.00,100.00,100.00,100.00,100.00,100.00,76.79,100.00
JM,31,100.00,100.00,100.00,100.00,100.00,100.00,100.00,0.00,100.00,100.00,100.00,100.00,54.84,3.23,100.00,100.00,100.00,100.00,100.00,100.00,100.00,0.00,100.00,100.00,100.00,100.00,100.00,100.00,100.00,100.00,100.00,100.00,100.00,100.00,100.00,100.00,3.23,100.00
JO,59,100.00,100.00,100.00,100.00,100.00,100.00,100.00,0.00,100.00,100.00,100.00,100.00,61.02,1.69,100.00,100.00,100.00,100.00,100.00,100.00,100.00,0.00,100.00,100.00,100.00,100.00,100.00,100.00,100.00,100.00,100.00,100.00,100.00,100.00,100.00,100.00,1.69,100.00
JP,43,100.00,100.00,100.00,100.00,100.00,100.00,100.00,32.56,100.00,100.00,100.00,100.00,69.77,20.93,100.00,100.00,100.00,100.00,100.00,100.00,100.00,0.00,100.00,100.00,100.00,100.00,100.00,100.00,100.00,100.00,100.00,100.00,100.00,100.00,100.00,100.00,67.44,100.00
KE,126,100.00,100.00,100.00,100.00,100.00,100.00,100.00,3.97,100.00,100.00,100.00,100.00,53.97,19.05,100.00,100.00,100.00,100.00,100.00,100.00,100.00,1.59,100.00,100.00,100.00,100.00,100.00,100.00,100.00,100.00,100.00,100.00,100.00,100.00,100.00,100.00,27.78,100.00
KG,62,100.00,100.00,100.00,100.00,100.00,100.00,100.00,1.61,100.00,100.00,100.00,100.00,58.06,0.00,100.00,100.00,100.00,100.00,100.00,100.00,100.00,0.00,100.00,100.00,100.00,100.00,100.00,100.00,100.00,100.00,100.00,100.00,100.00,100.00,100.00,100.00,3.23,100.00
KH,8,100.00,100.00,100.00,100.00,100.00,100.00,100.00,25.00,100.00,100.00,100.00,100.00,50.00,0.00,100.00,100.00,100.00,100.00,100.00,100.00,100.00,0.00,100.00,100.00,100.00,100.00,100.00,100.00,100.00,100.00,100.00,100.00,100.00,100.00,100.00,100.00,50.00,100.00
KI,8,100.00,100.00,100.00,100.00,100.00,100.00,100.00,0.00,100.00,100.00,100.00,100.00,62.50,0.00,100.00,100.00,100.00,100.00,100.00,100.00,100.00,0.00,100.00,100.00,100.00,100.00,100.00,100.00,100.00,100.00,100.00,100.00,100.00,100.00,100.00,100.00,0.00,100.00
KM,19,100.00,100.00,100.00,100.00,100.00,100.00,100.00,0.00,100.00,100.00,100.00,100.00,52.63,0.00,100.00,100.00,100.00,100.00,100.00,100.00,100.00,0.00,100.00,100.00,100.00,100.00,100.00,100.00,100.00,100.00,100.00,100.00,100.00,100.00,100.00,100.00,0.00,100.00
KN,7,100.00,100.00,100.00,100.00,100.00,100.00,100.00,0.00,100.00,100.00,100.00,100.00,71.43,0.00,100.00,100.00,100.00,100.00,100.00,100.00,100.00,0.00,100.00,100.00,100.00,100.00,100.00,100.00,100.00,100.00,100.00,100.00,100.00,100.00,100.00,100.00,0.00,100.00
KP,21,100.00,100.00,100.00,100.00,100.00,100.00,100.00,19.05,100.00,100.00,100.00,100.00,52.38,0.00,100.00,100.00,100.00,100.00,100.00,100.00,100.00,0.00,100.00,100.00,100.00,100.00,100.00,100.00,100.00,100.00,100.00,100.00,100.00,100.00,100.00,100.00,19.05,100.00
KR,3,100.00,100.00,100.00,100.00,100.00,100.00,100.00,66.67,100.00,100.00,100.00,100.00,66.67,33.33,100.00,100.00,100.00,100.00,100.00,100.00,100.00,0.00,100.00,100.00,100.00,100.00,100.00,100.00,100.00,100.00,100.00,100.00,100.00,100.00,100.00,100.00,100.00,100.00
KY,7,100.00,100.00,100.00,100.00,100.00,100.00,100.00,14.29,100.00,100.00,100.00,100.00,57.14,0.00,100.00,100.00,100.00,100.00,100.00,100.00,100.00,0.00,100.00,100.00,100.00,100.00,100.00,100.00,100.00,100.00,100.00,100.00,100.00,100.00,100.00,100.00,28.57,100.00
KZ,113,100.00,100.00,100.00,100.00,100.00,100.00,100.00,0.00,100.00,100.00,100.00,100.00,65.49,0.88,100.00,100.00,100.00,100.00,100.00,100.00,100.00,0.00,100.00,100.00,100.00,100.00,100.00,100.00,100.00,100.00,100.00,100.00,100.00,100.00,100.00,100.00,0.88,100.00
LA,4,100.00,100.00,100.00,100.00,100.00,100.00,100.00,0.00,100.00,100.00,100.00,100.00,75.00,25.00,100.00,100.00,100.00,100.00,100.00,100.00,100.00,0.00,100.00,100.00,100.00,100.00,100.00,100.00,100.00,100.00,100.00,100.00,100.00,100.00,100.00,100.00,25.00,100.00
LB,88,100.00,100.00,100.00,100.00,100.00,100.00,100.00,1.14,100.00,100.00,100.00,100.00,50.00,0.00,100.00,100.00,100.00,100.00,100.00,100.00,100.00,0.00,100.00,100.00,100.00,100.00,100.00,100.00,100.00,100.00,100.00,100.00,100.00,100.00,100.00,100.00,1.14,100.00
LC,24,100.00,100.00,100.00,100.00,100.00,100.00,100.00,0.00,100.00,100.00,100.00,100.00,58.33,0.00,100.00,100.00,100.00,100.00,100.00,100.00,100.00,0.00,100.00,100.00,100.00,100.00,100.00,100.00,100.00,100.00,100.00,100.00,100.00,100.00,100.00,100.00,0.00,100.00
LI,171,100.00,100.00,100.00,100.00,100.00,100.00,100.00,29.82,100.00,100.00,100.00,100.00,40.94,11.70,100.00,100.00,100.00,100.00,100.00,100.00,100.00,11.70,100.00,100.00,100.00,100.00,100.00,100.00,100.00,100.00,100.00,100.00,100.00,100.00,100.00,100.00,49.71,100.00
LK,5,100.00,100.00,100.00,100.00,100.00,100.00,100.00,20.00,100.00,100.00,100.00,100.00,60.00,0.00,100.00,100.00,100.00,100.00,100.00,100.00,100.00,0.00,100.00,100.00,100.00,100.00,100.00,100.00,100.00,100.00,100.00,100.00,100.00,100.00,100.00,100.00,20.00,100.00
LR,11,100.00,100.00,100.00,100.00,100.00,100.00,100.00,9.09,100.00,100.00,100.00,100.00,63.64,0.00,100.00,100.00,100.00,100.00,100.00,100.00,100.00,0.00,100.00,100.00,100.00,100.00,100.00,100.00,100.00,100.00,100.00,100.00,100.00,100.00,100.00,100.00,18.18,100.00
LS,20,100.00,100.00,100.00,100.00,100.00,100.00,100.00,0.00,100.00,100.00,100.00,100.00,80.00,15.00,100.00,100.00,100.00,100.00,100.00,100.00,100.00,0.00,100.00,100.00,100.00,100.00,100.00,100.00,100.00,100.00,100.00,100.00,100.00,100.00,100.00,100.00,10.00,100.00
LT,21579,100.00,100.00,100.00,100.00,100.00,100.00,100.00,56.52,100.00,100.00,100.00,100.00,57.38,37.88,100.00,100.00,100.00,100.00,100.00,100.00,100.00,16.77,100.00,100.00,100.00,100.00,100.00,100.00,100.00,100.00,100.00,100.00,100.00,100.00,100.00,100.00,53.89,100.00
LU,5593,100.00,100.00,100.00,100.00,100.00,100.00,100.00,23.14,100.00,100.00,100.00,100.00,55.41,30.23,100.00,100.00,100.00,100.00,100.00,100.00,100.00,29.73,100.00,100.00,100.00,100.00,100.00,100.00,100.00,100.00,100.00,100.00,100.00,100.00,100.00,100.00,34.27,100.00
LV,11523,100.00,100.00,100.00,100.00,100.00,100.00,100.00,54.40,100.00,100.00,100.00,100.00,54.67,34.48,100.00,100.00,100.00,100.00,100.00,100.00,100.00,98.92,100.00,100.00,100.00,100.00,100.00,100.00,100.00,100.00,100.00,100.00,100.00,100.00,100.00,100.00,72.52,100.00
MA,161,98.76,100.00,100.00,100.00,100.00,100.00,100.00,0.00,100.00,100.00,100.00,100.00,71.43,0.62,100.00,100.00,100.00,100.00,100.00,100.00,100.00,0.00,100.00,100.00,100.00,100.00,100.00,100.00,100.00,100.00,100.00,100.00,100.00,100.00,100.00,100.00,1.24,100.00
MC,2,100.00,100.00,100.00,100.00,100.00,100.00,100.00,50.00,100.00,100.00,100.00,100.00,100.00,100.00,100.00,100.00,100.00,100.00,100.00,100.00,100.00,0.00,100.00,100.00,100.00,100.00,100.00,100.00,100.00,100.00,100.00,100.00,100.00,100.00,100.00,100.00,50.00,100.00
MD,125,100.00,100.00,100.00,100.00,100.00,100.00,100.00,1.60,100.00,100.00,100.00,100.00,64.80,2.40,100.00,100.00,100.00,100.00,100.00,100.00,100.00,1.60,100.00,100.00,100.00,100.00,100.00,100.00,100.00,100.00,100.00,100.00,100.00,100.00,100.00,100.00,1.60,100.00
ME,256,100.00,100.00,100.00,100.00,100.00,100.00,100.00,1.17,100.00,100.00,100.00,100.00,55.86,0.78,100.00,100.00,100.00,100.00,100.00,100.00,100.00,0.00,100.00,100.00,100.00,100.00,100.00,100.00,100.00,100.00,100.00,100.00,100.00,100.00,100.00,100.00,1.56,100.00
MG,21,100.00,100.00,100.00,100.00,100.00,100.00,100.00,0.00,100.00,100.00,100.00,100.00,33.33,0.00,100.00,100.00,100.00,100.00,100.00,100.00,100.00,0.00,100.00,100.00,100.00,100.00,100.00,100.00,100.00,100.00,100.00,100.00,100.00,100.00,100.00,100.00,0.00,100.00
MK,1289,100.00,100.00,100.00,100.00,100.00,100.00,100.00,35.22,100.00,100.00,100.00,100.00,67.80,27.23,100.00,100.00,100.00,100.00,100.00,100.00,100.00,23.04,100.00,100.00,100.00,100.00,100.00,100.00,100.00,100.00,100.00,100.00,100.00,100.00,100.00,100.00,45.38,100.00
ML,78,100.00,100.00,100.00,100.00,100.00,100.00,100.00,1.28,100.00,100.00,100.00,100.00,60.26,0.00,100.00,100.00,100.00,100.00,100.00,100.00,100.00,0.00,100.00,100.00,100.00,100.00,100.00,100.00,100.00,100.00,100.00,100.00,100.00,100.00,100.00,100.00,3.85,100.00
MM,2,100.00,100.00,100.00,100.00,100.00,100.00,100.00,0.00,100.00,100.00,100.00,100.00,50.00,100.00,100.00,100.00,100.00,100.00,100.00,100.00,100.00,0.00,100.00,100.00,100.00,100.00,100.00,100.00,100.00,100.00,100.00,100.00,100.00,100.00,100.00,100.00,0.00,100.00
MN,3,100.00,100.00,100.00,100.00,100.00,100.00,100.00,0.00,100.00,100.00,100.00,100.00,33.33,0.00,100.00,100.00,100.00,100.00,100.00,100.00,100.00,0.00,100.00,100.00,100.00,100.00,100.00,100.00,100.00,100.00,100.00,100.00,100.00,100.00,100.00,100.00,0.00,100.00
MR,55,100.00,100.00,100.00,100.00,100.00,100.00,100.00,1.82,100.00,100.00,100.00,100.00,49.09,1.82,100.00,100.00,100.00,100.00,100.00,100.00,100.00,0.00,100.00,100.00,100.00,100.00,100.00,100.00,100.00,100.00,100.00,100.00,100.00,100.00,100.00,100.00,1.82,100.00
MT,2223,100.00,100.00,100.00,100.00,100.00,100.00,100.00,54.25,100.00,100.00,100.00,100.00,65.99,30.18,100.00,100.00,100.00,100.00,100.00,100.00,100.00,92.94,100.00,100.00,100.00,100.00,100.00,100.00,100.00,100.00,100.00,100.00,100.00,100.00,100.00,100.00,43.36,100.00
MU,15,100.00,100.00,100.00,100.00,100.00,100.00,100.00,6.67,100.00,100.00,100.00,100.00,60.00,6.67,100.00,100.00,100.00,100.00,100.00,100.00,100.00,0.00,100.00,100.00,100.00,100.00,100.00,100.00,100.00,100.00,100.00,100.00,100.00,100.00,100.00,100.00,6.67,100.00
MW,84,100.00,100.00,100.00,100.00,100.00,100.00,100.00,1.19,100.00,100.00,100.00,100.00,55.95,1.19,100.00,100.00,100.00,100.00,100.00,100.00,100.00,0.00,100.00,100.00,100.00,100.00,100.00,100.00,100.00,100.00,100.00,100.00,100.00,100.00,100.00,100.00,2.38,100.00
MX,20,100.00,100.00,100.00,100.00,100.00,100.00,100.00,10.00,100.00,100.00,100.00,100.00,50.00,10.00,100.00,100.00,100.00,100.00,100.00,100.00,100.00,5.00,100.00,100.00,100.00,100.00,100.00,100.00,100.00,100.00,100.00,100.00,100.00,100.00,100.00,100.00,35.00,100.00
MY,8,100.00,100.00,100.00,100.00,100.00,100.00,100.00,0.00,100.00,100.00,100.00,100.00,37.50,0.00,100.00,100.00,100.00,100.00,100.00,100.00,100.00,0.00,100.00,100.00,100.00,100.00,100.00,100.00,100.00,100.00,100.00,100.00,100.00,100.00,100.00,100.00,0.00,100.00
MZ,67,100.00,100.00,100.00,100.00,100.00,100.00,100.00,1.49,100.00,100.00,100.00,100.00,62.69,1.49,100.00,100.00,100.00,100.00,100.00,100.00,100.00,4.48,100.00,100.00,100.00,100.00,100.00,100.00,100.00,100.00,100.00,100.00,100.00,100.00,100.00,100.00,0.00,100.00
NA,27,100.00,100.00,100.00,100.00,100.00,100.00,100.00,3.70,100.00,100.00,100.00,100.00,37.04,0.00,100.00,100.00,100.00,100.00,100.00,100.00,100.00,0.00,100.00,100.00,100.00,100.00,100.00,100.00,100.00,100.00,100.00,100.00,100.00,100.00,100.00,100.00,3.70,100.00
NC,3,100.00,100.00,100.00,100.00,100.00,100.00,100.00,0.00,100.00,100.00,100.00,100.00,66.67,0.00,100.00,100.00,100.00,100.00,100.00,100.00,100.00,0.00,100.00,100.00,100.00,100.00,100.00,100.00,100.00,100.00,100.00,100.00,100.00,100.00,100.00,100.00,0.00,100.00
NE,74,100.00,100.00,100.00,100.00,100.00,100.00,100.00,1.35,100.00,100.00,100.00,100.00,52.70,2.70,100.00,100.00,100.00,100.00,100.00,100.00,100.00,0.00,100.00,100.00,100.00,100.00,100.00,100.00,100.00,100.00,100.00,100.00,100.00,100.00,100.00,100.00,4.05,100.00
NG,75,100.00,100.00,100.00,100.00,100.00,100.00,100.00,0.00,100.00,100.00,100.00,100.00,57.33,1.33,100.00,100.00,100.00,100.00,100.00,100.00,100.00,1.33,100.00,100.00,100.00,100.00,100.00,100.00,100.00,100.00,100.00,100.00,100.00,100.00,100.00,100.00,29.33,100.00
NI,97,100.00,100.00,100.00,100.00,100.00,100.00,100.00,2.06,100.00,100.00,100.00,100.00,46.39,3.09,100.00,100.00,100.00,100.00,100.00,100.00,100.00,0.00,100.00,100.00,100.00,100.00,100.00,100.00,100.00,100.00,100.00,100.00,100.00,100.00,100.00,100.00,3.09,100.00
NL,41196,99.99,100.00,100.00,100.00,100.00,100.00,100.00,40.09,100.00,100.00,100.00,100.00,54.68,31.85,100.00,100.00,100.00,100.00,100.00,100.00,100.00,75.07,100.00,100.00,100.00,100.00,100.00,100.00,100.00,100.00,100.00,100.00,100.00,100.00,100.00,100.00,55.49,100.00
NO,28996,100.00,100.00,100.00,100.00,100.00,100.00,100.00,29.93,100.00,100.00,100.00,100.00,67.18,35.77,100.00,100.00,100.00,100.00,100.00,100.00,100.00,3.93,100.00,100.00,100.00,100.00,100.00,100.00,100.00,100.00,100.00,100.00,100.00,100.00,100.00,100.00,66.60,100.00
NP,21,100.00,100.00,100.00,100.00,100.00,100.00,100.00,0.00,100.00,100.00,100.00,100.00,66.67,4.76,100.00,100.00,100.00,100.00,100.00,100.00,100.00,0.00,100.00,100.00,100.00,100.00,100.00,100.00,100.00,100.00,100.00,100.00,100.00,100.00,100.00,100.00,4.76,100.00
NR,3,100.00,100.00,100.00,100.00,100.00,100.00,100.00,0.00,100.00,100.00,100.00,100.00,33.33,0.00,100.00,100.00,100.00,100.00,100.00,100.00,100.00,0.00,100.00,100.00,100.00,100.00,100.00,100.00,100.00,100.00,100.00,100.00,100.00,100.00,100.00,100.00,0.00,100.00
NU,5,100.00,100.00,100.00,100.00,100.00,100.00,100.00,0.00,100.00,100.00,100.00,100.00,60.00,0.00,100.00,100.00,100.00,100.00,100.00,100.00,100.00,0.00,100.00,100.00,100.00,100.00,100.00,100.00,100.00,100.00,100.00,100.00,100.00,100.00,100.00,100.00,0.00,100.00
PA,11,100.00,100.00,100.00,100.00,100.00,100.00,100.00,0.00,100.00,100.00,100.00,100.00,54.55,0.00,100.00,100.00,100.00,100.00,100.00,100.00,100.00,0.00,100.00,100.00,100.00,100.00,100.00,100.00,100.00,100.00,100.00,100.00,100.00,100.00,100.00,100.00,0.00,100.00
PE,46,100.00,100.00,100.00,100.00,100.00,100.00,100.00,0.00,100.00,100.00,100.00,100.00,56.52,2.17,100.00,100.00,100.00,100.00,100.00,100.00,100.00,0.00,100.00,100.00,100.00,100.00,100.00,100.00,100.00,100.00,100.00,100.00,100.00,100.00,100.00,100.00,2.17,100.00
PF,3,100.00,100.00,100.00,100.00,100.00,100.00,100.00,0.00,100.00,100.00,100.00,100.00,66.67,0.00,100.00,100.00,100.00,100.00,100.00,100.00,100.00,0.00,100.00,100.00,100.00,100.00,100.00,100.00,100.00,100.00,100.00,100.00,100.00,100.00,100.00,100.00,0.00,100.00
PG,27,100.00,100.00,100.00,100.00,100.00,100.00,100.00,3.70,100.00,100.00,100.00,100.00,51.85,0.00,100.00,100.00,100.00,100.00,100.00,100.00,100.00,0.00,100.00,100.00,100.00,100.00,100.00,100.00,100.00,100.00,100.00,100.00,100.00,100.00,100.00,100.00,0.00,100.00
PH,22,100.00,100.00,100.00,100.00,100.00,100.00,100.00,4.55,100.00,100.00,100.00,100.00,50.00,4.55,100.00,100.00,100.00,100.00,100.00,100.00,100.00,0.00,100.00,100.00,100.00,100.00,100.00,100.00,100.00,100.00,100.00,100.00,100.00,100.00,100.00,100.00,4.55,100.00
PK,22,100.00,100.00,100.00,100.00,100.00,100.00,100.00,13.64,100.00,100.00,100.00,100.00,50.00,0.00,100.00,100.00,100.00,100.00,100.00,100.00,100.00,0.00,100.00,100.00,100.00,100.00,100.00,100.00,100.00,100.00,100.00,100.00,100.00,100.00,100.00,100.00,22.73,100.00
PL,229914,99.99,100.00,100.00,100.00,100.00,100.00,100.00,29.87,100.00,100.00,100.00,100.00,54.43,33.48,100.00,100.00,100.00,100.00,100.00,100.00,100.00,56.70,100.00,100.00,100.00,100.00,100.00,100.00,100.00,100.00,100.00,100.00,100.00,100.00,100.00,100.00,78.25,100.00
PS,49,100.00,100.00,100.00,100.00,100.00,100.00,100.00,4.08,100.00,100.00,100.00,100.00,53.06,6.12,100.00,100.00,100.00,100.00,100.00,100.00,100.00,8.16,100.00,100.00,100.00,100.00,100.00,100.00,100.00,100.00,100.00,100.00,100.00,100.00,100.00,100.00,12.24,100.00
PT,14655,100.00,100.00,100.00,100.00,100.00,100.00,100.00,15.60,100.00,100.00,100.00,100.00,61.52,29.88,100.00,100.00,100.00,100.00,100.00,100.00,100.00,60.57,100.00,100.00,100.00,100.00,100.00,100.00,100.00,100.00,100.00,100.00,100.00,100.00,100.00,100.00,35.58,100.00
PY,19,100.00,100.00,100.00,100.00,100.00,100.00,100.00,0.00,100.00,100.00,100.00,100.00,36.84,5.26,100.00,100.00,100.00,100.00,100.00,100.00,100.00,0.00,100.00,100.00,100.00,100.00,100.00,100.00,100.00,100.00,100.00,100.00,100.00,100.00,100.00,100.00,5.26,100.00
RO,47069,100.00,100.00,100.00,100.00,100.00,100.00,100.00,52.30,100.00,100.00,100.00,100.00,54.49,27.52,100.00,100.00,100.00,100.00,100.00,100.00,100.00,80.79,100.00,100.00,100.00,100.00,100.00,100.00,100.00,100.00,100.00,100.00,100.00,100.00,100.00,100.00,50.06,100.00
RS,1417,100.00,100.00,100.00,100.00,100.00,100.00,100.00,0.64,100.00,100.00,100.00,100.00,50.18,0.71,100.00,100.00,100.00,100.00,100.00,100.00,100.00,0.07,100.00,100.00,100.00,100.00,100.00,100.00,100.00,100.00,100.00,100.00,100.00,100.00,100.00,100.00,1.13,100.00
RU,251,100.00,100.00,100.00,100.00,100.00,100.00,100.00,6.37,100.00,100.00,100.00,100.00,63.75,5.58,100.00,100.00,100.00,100.00,100.00,100.00,100.00,0.40,100.00,100.00,100.00,100.00,100.00,100.00,100.00,100.00,100.00,100.00,100.00,100.00,100.00,100.00,9.96,100.00
RW,32,100.00,100.00,100.00,100.00,100.00,100.00,100.00,3.12,100.00,100.00,100.00,100.00,56.25,12.50,100.00,100.00,100.00,100.00,100.00,100.00,100.00,0.00,100.00,100.00,100.00,100.00,100.00,100.00,100.00,100.00,100.00,100.00,100.00,100.00,100.00,100.00,25.00,100.00
SA,1,100.00,100.00,100.00,100.00,100.00,100.00,100.00,0.00,100.00,100.00,100.00,100.00,100.00,0.00,100.00,100.00,100.00,100.00,100.00,100.00,100.00,100.00,100.00,100.00,100.00,100.00,100.00,100.00,100.00,100.00,100.00,100.00,100.00,100.00,100.00,100.00,100.00,100.00
SB,8,100.00,100.00,100.00,100.00,100.00,100.00,100.00,0.00,100.00,100.00,100.00,100.00,75.00,0.00,100.00,100.00,100.00,100.00,100.00,100.00,100.00,0.00,100.00,100.00,100.00,100.00,100.00,100.00,100.00,100.00,100.00,100.00,100.00,100.00,100.00,100.00,0.00,100.00
SC,6,100.00,100.00,100.00,100.00,100.00,100.00,100.00,0.00,100.00,100.00,100.00,100.00,100.00,0.00,100.00,100.00,100.00,100.00,100.00,100.00,100.00,0.00,100.00,100.00,100.00,100.00,100.00,100.00,100.00,100.00,100.00,100.00,100.00,100.00,100.00,100.00,0.00,100.00
SD,53,100.00,100.00,100.00,100.00,100.00,100.00,100.00,22.64,100.00,100.00,100.00,100.00,62.26,33.96,100.00,100.00,100.00,100.00,100.00,100.00,100.00,0.00,100.00,100.00,100.00,100.00,100.00,100.00,100.00,100.00,100.00,100.00,100.00,100.00,100.00,100.00,58.49,100.00
SE,44398,99.96,100.00,100.00,100.00,100.00,100.00,100.00,15.64,100.00,100.00,100.00,100.00,61.91,38.18,100.00,100.00,100.00,100.00,100.00,100.00,100.00,85.29,100.00,100.00,100.00,100.00,100.00,100.00,100.00,100.00,100.00,100.00,100.00,100.00,100.00,100.00,28.47,100.00
SG,11,100.00,100.00,100.00,100.00,100.00,100.00,100.00,0.00,100.00,100.00,100.00,100.00,45.45,9.09,100.00,100.00,100.00,100.00,100.00,100.00,100.00,0.00,100.00,100.00,100.00,100.00,100.00,100.00,100.00,100.00,100.00,100.00,100.00,100.00,100.00,100.00,81.82,100.00
SI,17995,100.00,100.00,100.00,100.00,100.00,100.00,100.00,20.16,100.00,100.00,100.00,100.00,61.27,27.76,100.00,100.00,100.00,100.00,100.00,100.00,100.00,74.35,100.00,100.00,100.00,99.99,100.00,100.00,100.00,100.00,100.00,100.00,100.00,100.00,100.00,100.00,49.94,100.00
SK,16175,99.94,100.00,100.00,100.00,100.00,100.00,100.00,34.03,100.00,100.00,100.00,100.00,41.67,37.56,100.00,100.00,100.00,100.00,100.00,100.00,100.00,88.72,100.00,100.00,100.00,100.00,100.00,100.00,100.00,100.00,100.00,100.00,100.00,100.00,100.00,100.00,70.65,100.00
SL,40,100.00,100.00,100.00,100.00,100.00,100.00,100.00,0.00,100.00,100.00,100.00,100.00,42.50,0.00,100.00,100.00,100.00,100.00,100.00,100.00,100.00,0.00,100.00,100.00,100.00,100.00,100.00,100.00,100.00,100.00,100.00,100.00,100.00,100.00,100.00,100.00,0.00,100.00
SN,122,100.00,100.00,100.00,100.00,100.00,100.00,100.00,0.82,100.00,100.00,100.00,100.00,63.11,0.00,100.00,100.00,100.00,100.00,100.00,100.00,100.00,0.00,100.00,100.00,100.00,100.00,100.00,100.00,100.00,100.00,100.00,100.00,100.00,100.00,100.00,100.00,2.46,100.00
SO,3,100.00,100.00,100.00,100.00,100.00,100.00,100.00,0.00,100.00,100.00,100.00,100.00,33.33,0.00,100.00,100.00,100.00,100.00,100.00,100.00,100.00,0.00,100.00,100.00,100.00,100.00,100.00,100.00,100.00,100.00,100.00,100.00,100.00,100.00,100.00,100.00,0.00,100.00
SR,11,100.00,100.00,100.00,100.00,100.00,100.00,100.00,0.00,100.00,100.00,100.00,100.00,63.64,0.00,100.00,100.00,100.00,100.00,100.00,100.00,100.00,0.00,100.00,100.00,100.00,100.00,100.00,100.00,100.00,100.00,100.00,100.00,100.00,100.00,100.00,100.00,0.00,100.00
ST,16,100.00,100.00,100.00,100.00,100.00,100.00,100.00,0.00,100.00,100.00,100.00,100.00,75.00,0.00,100.00,100.00,100.00,100.00,100.00,100.00,100.00,0.00,100.00,100.00,100.00,100.00,100.00,100.00,100.00,100.00,100.00,100.00,100.00,100.00,100.00,100.00,0.00,100.00
SV,32,100.00,100.00,100.00,100.00,100.00,100.00,100.00,3.12,100.00,100.00,100.00,100.00,50.00,0.00,100.00,100.00,100.00,100.00,100.00,100.00,100.00,0.00,100.00,100.00,100.00,100.00,100.00,100.00,100.00,100.00,100.00,100.00,100.00,100.00,100.00,100.00,3.12,100.00
SY,69,100.00,100.00,100.00,100.00,100.00,100.00,100.00,0.00,100.00,100.00,100.00,100.00,55.07,0.00,100.00,100.00,100.00,100.00,100.00,100.00,100.00,0.00,100.00,100.00,100.00,100.00,100.00,100.00,100.00,100.00,100.00,100.00,100.00,100.00,100.00,100.00,0.00,100.00
SZ,43,100.00,100.00,100.00,100.00,100.00,100.00,100.00,0.00,100.00,100.00,100.00,100.00,55.81,0.00,100.00,100.00,100.00,100.00,100.00,100.00,100.00,0.00,100.00,100.00,100.00,100.00,100.00,100.00,100.00,100.00,100.00,100.00,100.00,100.00,100.00,100.00,2.33,100.00
TC,13,100.00,100.00,100.00,100.00,100.00,100.00,100.00,7.69,100.00,100.00,100.00,100.00,53.85,46.15,100.00,100.00,100.00,100.00,100.00,100.00,100.00,0.00,100.00,100.00,100.00,100.00,100.00,100.00,100.00,100.00,100.00,100.00,100.00,100.00,100.00,100.00,46.15,100.00
TD,88,100.00,100.00,100.00,100.00,100.00,100.00,100.00,1.14,100.00,100.00,100.00,100.00,59.09,1.14,100.00,100.00,100.00,100.00,100.00,100.00,100.00,0.00,100.00,100.00,100.00,100.00,100.00,100.00,100.00,100.00,100.00,100.00,100.00,100.00,100.00,100.00,2.27,100.00
TG,49,100.00,100.00,100.00,100.00,100.00,100.00,100.00,4.08,100.00,100.00,100.00,100.00,73.47,0.00,100.00,100.00,100.00,100.00,100.00,100.00,100.00,0.00,100.00,100.00,100.00,100.00,100.00,100.00,100.00,100.00,100.00,100.00,100.00,100.00,100.00,100.00,4.08,100.00
TH,13,100.00,100.00,100.00,100.00,100.00,100.00,100.00,0.00,100.00,100.00,100.00,100.00,46.15,0.00,100.00,100.00,100.00,100.00,100.00,100.00,100.00,0.00,100.00,100.00,100.00,100.00,100.00,100.00,100.00,100.00,100.00,100.00,100.00,100.00,100.00,100.00,7.69,100.00
TJ,107,100.00,100.00,100.00,100.00,100.00,100.00,100.00,0.00,100.00,100.00,100.00,100.00,68.22,0.00,100.00,100.00,100.00,100.00,100.00,100.00,100.00,0.00,100.00,100.00,100.00,100.00,100.00,100.00,100.00,100.00,100.00,100.00,100.00,100.00,100.00,100.00,0.00,100.00
TL,5,100.00,100.00,100.00,100.00,100.00,100.00,100.00,0.00,100.00,100.00,100.00,100.00,20.00,0.00,100.00,100.00,100.00,100.00,100.00,100.00,100.00,0.00,100.00,100.00,100.00,100.00,100.00,100.00,100.00,100.00,100.00,100.00,100.00,100.00,100.00,100.00,0.00,100.00
TM,15,100.00,100.00,100.00,100.00,100.00,100.00,100.00,0.00,100.00,100.00,100.00,100.00,13.33,0.00,100.00,100.00,100.00,100.00,100.00,100.00,100.00,0.00,100.00,100.00,100.00,100.00,100.00,100.00,100.00,100.00,100.00,100.00,100.00,100.00,100.00,100.00,0.00,100.00
TN,260,99.23,100.00,100.00,100.00,100.00,100.00,100.00,0.38,100.00,100.00,100.00,100.00,78.08,0.38,100.00,100.00,100.00,100.00,100.00,100.00,100.00,0.00,100.00,100.00,100.00,100.00,100.00,100.00,100.00,100.00,100.00,100.00,100.00,100.00,100.00,100.00,0.38,100.00
TO,3,100.00,100.00,100.00,100.00,100.00,100.00,100.00,0.00,100.00,100.00,100.00,100.00,66.67,0.00,100.00,100.00,100.00,100.00,100.00,100.00,100.00,0.00,100.00,100.00,100.00,100.00,100.00,100.00,100.00,100.00,100.00,100.00,100.00,100.00,100.00,100.00,0.00,100.00
TP,2,100.00,100.00,100.00,100.00,100.00,100.00,100.00,0.00,100.00,100.00,100.00,100.00,50.00,0.00,100.00,100.00,100.00,100.00,100.00,100.00,100.00,0.00,100.00,100.00,100.00,100.00,100.00,100.00,100.00,100.00,100.00,100.00,100.00,100.00,100.00,100.00,0.00,100.00
TR,1121,99.64,100.00,100.00,100.00,100.00,100.00,100.00,1.69,100.00,100.00,100.00,100.00,48.53,0.89,100.00,100.00,100.00,100.00,100.00,100.00,100.00,1.52,100.00,100.00,100.00,100.00,100.00,100.00,100.00,100.00,100.00,100.00,100.00,100.00,100.00,100.00,3.03,100.00
TT,5,100.00,100.00,100.00,100.00,100.00,100.00,100.00,0.00,100.00,100.00,100.00,100.00,40.00,20.00,100.00,100.00,100.00,100.00,100.00,100.00,100.00,0.00,100.00,100.00,100.00,100.00,100.00,100.00,100.00,100.00,100.00,100.00,100.00,100.00,100.00,100.00,20.00,100.00
TV,5,100.00,100.00,100.00,100.00,100.00,100.00,100.00,0.00,100.00,100.00,100.00,100.00,60.00,0.00,100.00,100.00,100.00,100.00,100.00,100.00,100.00,0.00,100.00,100.00,100.00,100.00,100.00,100.00,100.00,100.00,100.00,100.00,100.00,100.00,100.00,100.00,0.00,100.00
TW,5,100.00,100.00,100.00,100.00,100.00,100.00,100.00,20.00,100.00,100.00,100.00,100.00,80.00,20.00,100.00,100.00,100.00,100.00,100.00,100.00,100.00,0.00,100.00,100.00,100.00,100.00,100.00,100.00,100.00,100.00,100.00,100.00,100.00,100.00,100.00,100.00,20.00,100.00
TZ,41,100.00,100.00,100.00,100.00,100.00,100.00,100.00,2.44,100.00,100.00,100.00,100.00,56.10,14.63,100.00,100.00,100.00,100.00,100.00,100.00,100.00,2.44,100.00,100.00,100.00,100.00,100.00,100.00,100.00,100.00,100.00,100.00,100.00,100.00,100.00,100.00,17.07,100.00
UA,353,100.00,100.00,100.00,100.00,100.00,100.00,100.00,0.57,100.00,100.00,100.00,100.00,54.67,1.42,100.00,100.00,100.00,100.00,100.00,100.00,100.00,0.57,100.00,100.00,100.00,100.00,100.00,100.00,100.00,100.00,100.00,100.00,100.00,100.00,100.00,100.00,2.27,100.00
UG,42,100.00,100.00,100.00,100.00,100.00,100.00,100.00,7.14,100.00,100.00,100.00,100.00,61.90,11.90,100.00,100.00,100.00,100.00,100.00,100.00,100.00,0.00,100.00,100.00,100.00,100.00,100.00,100.00,100.00,100.00,100.00,100.00,100.00,100.00,100.00,100.00,11.90,100.00
UK,74558,100.00,100.00,100.00,100.00,100.00,100.00,100.00,22.29,100.00,100.00,100.00,100.00,54.92,43.17,100.00,100.00,100.00,100.00,100.00,100.00,100.00,86.26,100.00,100.00,100.00,100.00,100.00,100.00,100.00,100.00,100.00,100.00,100.00,100.00,100.00,100.00,60.66,100.00
US,42,100.00,100.00,100.00,100.00,100.00,100.00,100.00,23.81,100.00,100.00,100.00,100.00,61.90,16.67,100.00,100.00,100.00,100.00,100.00,100.00,100.00,30.95,100.00,100.00,100.00,100.00,100.00,100.00,100.00,100.00,100.00,100.00,100.00,100.00,100.00,100.00,66.67,100.00
UY,33,100.00,100.00,100.00,100.00,100.00,100.00,100.00,0.00,100.00,100.00,100.00,100.00,42.42,3.03,100.00,100.00,100.00,100.00,100.00,100.00,100.00,0.00,100.00,100.00,100.00,100.00,100.00,100.00,100.00,100.00,100.00,100.00,100.00,100.00,100.00,100.00,3.03,100.00
UZ,11,100.00,100.00,100.00,100.00,100.00,100.00,100.00,0.00,100.00,100.00,100.00,100.00,36.36,0.00,100.00,100.00,100.00,100.00,100.00,100.00,100.00,0.00,100.00,100.00,100.00,100.00,100.00,100.00,100.00,100.00,100.00,100.00,100.00,100.00,100.00,100.00,0.00,100.00
VC,38,100.00,100.00,100.00,100.00,100.00,100.00,100.00,0.00,100.00,100.00,100.00,100.00,34.21,0.00,100.00,100.00,100.00,100.00,100.00,100.00,100.00,0.00,100.00,100.00,100.00,100.00,100.00,100.00,100.00,100.00,100.00,100.00,100.00,100.00,100.00,100.00,0.00,100.00
VE,21,100.00,100.00,100.00,100.00,100.00,100.00,100.00,0.00,100.00,100.00,100.00,100.00,61.90,9.52,100.00,100.00,100.00,100.00,100.00,100.00,100.00,0.00,100.00,100.00,100.00,100.00,100.00,100.00,100.00,100.00,100.00,100.00,100.00,100.00,100.00,100.00,9.52,100.00
VG,1,100.00,100.00,100.00,100.00,100.00,100.00,100.00,0.00,100.00,100.00,100.00,100.00,100.00,0.00,100.00,100.00,100.00,100.00,100.00,100.00,100.00,0.00,100.00,100.00,100.00,100.00,100.00,100.00,100.00,100.00,100.00,100.00,100.00,100.00,100.00,100.00,0.00,100.00
VN,51,100.00,100.00,100.00,100.00,100.00,100.00,100.00,0.00,100.00,100.00,100.00,100.00,47.06,0.00,100.00,100.00,100.00,100.00,100.00,100.00,100.00,1.96,100.00,100.00,100.00,100.00,100.00,100.00,100.00,100.00,100.00,100.00,100.00,100.00,100.00,100.00,0.00,100.00
VU,4,100.00,100.00,100.00,100.00,100.00,100.00,100.00,25.00,100.00,100.00,100.00,100.00,75.00,0.00,100.00,100.00,100.00,100.00,100.00,100.00,100.00,0.00,100.00,100.00,100.00,100.00,100.00,100.00,100.00,100.00,100.00,100.00,100.00,100.00,100.00,100.00,0.00,100.00
WF,20,100.00,100.00,100.00,100.00,100.00,100.00,100.00,0.00,100.00,100.00,100.00,100.00,65.00,0.00,100.00,100.00,100.00,100.00,100.00,100.00,100.00,0.00,100.00,100.00,100.00,100.00,100.00,100.00,100.00,100.00,100.00,100.00,100.00,100.00,100.00,100.00,0.00,100.00
YE,19,100.00,100.00,100.00,100.00,100.00,100.00,100.00,0.00,100.00,100.00,100.00,100.00,57.89,0.00,100.00,100.00,100.00,100.00,100.00,100.00,100.00,0.00,100.00,100.00,100.00,100.00,100.00,100.00,100.00,100.00,100.00,100.00,100.00,100.00,100.00,100.00,0.00,100.00
YT,10,100.00,100.00,100.00,100.00,100.00,100.00,100.00,0.00,100.00,100.00,100.00,100.00,70.00,10.00,100.00,100.00,100.00,100.00,100.00,100.00,100.00,30.00,100.00,100.00,100.00,100.00,100.00,100.00,100.00,100.00,100.00,100.00,100.00,100.00,100.00,100.00,0.00,100.00
ZA,65,98.46,100.00,100.00,100.00,100.00,100.00,100.00,4.62,100.00,100.00,100.00,100.00,80.00,6.15,100.00,100.00,100.00,100.00,100.00,100.00,100.00,1.54,100.00,100.00,100.00,100.00,100.00,100.00,100.00,100.00,100.00,100.00,100.00,100.00,100.00,100.00,9.23,100.00
ZM,50,100.00,100.00,100.00,100.00,100.00,100.00,100.00,4.00,100.00,100.00,100.00,100.00,56.00,0.00,100.00,100.00,100.00,100.00,100.00,100.00,100.00,0.00,100.00,100.00,100.00,100.00,100.00,100.00,100.00,100.00,100.00,100.00,100.00,100.00,100.00,100.00,0.00,100.00
ZW,11,100.00,100.00,100.00,100.00,100.00,100.00,100.00,18.18,100.00,100.00,100.00,100.00,36.36,9.09,100.00,100.00,100.00,100.00,100.00,100.00,100.00,0.00,100.00,100.00,100.00,100.00,100.00,100.00,100.00,100.00,100.00,100.00,100.00,100.00,100.00,100.00,54.55,100.00
